subject_id,Taxa_000,Taxa_001,Taxa_002,Taxa_003,Taxa_004,Taxa_005,Taxa_006,Taxa_007,Taxa_008,Taxa_009,Taxa_010,Taxa_011,Taxa_012,Taxa_013,Taxa_014,Taxa_015,Taxa_016,Taxa_017,Taxa_018,Taxa_019,Taxa_020,Taxa_021,Taxa_022,Taxa_023,Taxa_024,Taxa_025,Taxa_026,Taxa_027,Taxa_028,Taxa_029,Taxa_030,Taxa_031,Taxa_032,Taxa_033,Taxa_034,Taxa_035,Taxa_036,Taxa_037,Taxa_038,Taxa_039
Subject_000,-5.202935864251507,1.105243830190937,-0.3901942176240416,0.9257161109434695,-1.9021994491404033,-1.621189178614368,2.7925289846568457,3.539646438977611,-1.305770839889397,3.724647089654503,-4.993964897816726,1.1978584232073937,0.642306451855466,-3.5087444157069494,-0.6183180729470357,-2.4991133199140316,-0.9044558940871651,0.8382700210188413,-1.086325994978044,1.7745460409247178,0.1567200702223857,0.8977091300827755,-0.35568875733508265,2.8498150712862476,0.1289042567813375,-0.28516670709483793,-1.6877439466500581,2.129808023452612,-0.7628642356914555,2.0651497317505387,-0.6438864130492359,2.654108956920866,2.240129383778501,0.6650413575030036,-1.8742125117385366,-0.6492358775010777,1.9914856758600639,-0.060097919022498725,-2.4198490790354388,-1.31633104210149
Subject_001,1.666439097601888,0.4049700788424693,-0.1516383960479996,0.3464760855552956,0.011391738419014558,0.19754663298905584,0.09231586732370611,-0.5585870537789301,0.9048503150161111,-0.442279848646589,0.026632217553034687,0.0022832819998521714,-0.6144819640349803,-0.9211896826383393,-1.0848278002643543,-0.31938839630774596,0.16786486195700923,-0.0593136692129513,-0.2570983022933787,0.8401384025303837,-0.6168260063901013,-0.2989072986315544,0.05091516401918203,-0.8194869073120146,0.13516176864465257,-0.39274921482708197,1.1748891391247898,-0.4019310222812529,0.7680510718525237,-0.5910086512239817,0.49206870555345816,-0.6340792744197423,-0.5973079573779247,-0.45290071356387623,0.38591998565754043,-0.49655151275556764,-0.6130618832256723,0.007652794931898688,-0.04328012013732735,1.6005482008953331
Subject_002,-0.749329543024244,1.0353666545050326,-0.6362588282368986,5.181460805391865,-1.7699516071679602,-1.8454233062947858,0.9513749141876169,2.96149978466684,-0.47177892074619204,1.244011847974138,-0.8649260229649504,-0.12635930034453458,-2.1383137881214713,-1.9290790428842846,0.9816561363024539,-2.795023140162446,-1.8266401813578512,0.216776208475986,-0.08480558921396342,-0.22553633072876916,0.782253799477636,2.5448942192847723,2.862801366139318,-0.08923028634940566,-0.9864406902201676,0.1978696553681251,1.2711795507071986,-1.1153041648035795,-0.3504007476036589,-1.2868725040333358,-0.5303617225405799,0.16693690678301032,-0.6217982368726274,-1.3166685022100606,-0.46058529510793644,-2.295403192879008,-0.361232338374126,1.3728284126326336,-0.30199656866649904,0.7878227209622373
Subject_003,0.2777578399009848,0.781273379737901,-1.1809409892961402,4.502335560224231,-1.070373666533721,-1.1432529442454569,-1.2092830345486494,-1.3064347905436595,1.3075292355944503,-2.3288549876748905,-0.28544207515698844,-1.6047109073432115,-3.2109233137234336,-0.901842110511919,0.5884373713513221,-1.6981545918987537,-1.7141229511657525,-0.9935980230509243,-2.4165830361819762,0.010335330269044485,1.030263716443336,0.050618171105519624,0.06724685014151593,-0.3201105258757732,0.4845443415086951,1.3839816681108288,2.198928742451942,0.27746232489204675,-0.7556917350184849,-1.3705867755724406,-0.46608192231634876,-1.8304361528483013,-2.3115895402559814,-1.253238344252836,0.025219722484682294,-3.894666118558434,0.23406167096083016,0.0455374950708744,-0.5215199318851564,2.0913788542872527
Subject_004,-2.628126491880598,0.9609603754861616,1.9634246729012546,-2.8659426211696353,-0.24457913438965326,-0.012532189955611533,2.7273480715481897,2.8034882008962034,-0.9440856891223,3.4972202663658725,-1.7802957506388588,1.7568932389819576,1.479392423485009,-0.3020942750298127,0.4366379416974215,-0.7224945705057989,0.5960909601102047,-0.2142301348979716,0.8113326102065653,1.086985238594469,-0.3240185821218687,0.09539497218386772,0.1122954898899344,1.4031869938735153,-0.5109728202520731,-1.3088850476860099,-2.919045400947555,0.17551135851241312,1.0766570548199763,3.102554790016113,1.0614222288774218,1.9862957387758249,2.8373385740125268,0.5241559244157554,-0.17573670818619413,2.4060865219419494,1.5882086389335315,-0.7949744608873861,0.05321597430573821,-1.8486103000553384
Subject_005,-0.9500221662510582,-0.23885910946668434,0.6191062139563168,2.2703437966943327,-0.32346561183701716,-0.5910682159361172,1.4465812649638234,1.6312381160164193,-1.7130158017741972,0.6834847132759554,-0.2517477093924284,0.6329113022150725,0.19990312889761208,-1.3152508008658232,1.1207822994097507,-0.3520179212490187,-0.38721752397528125,-0.40601604829612264,0.06709763856551054,-0.8060614650374647,0.07866977962554379,1.6355797280281585,1.529452165225898,0.5317853626706692,-0.7175566206324426,0.039662846970273696,1.0856390324279597,-1.2192528035918189,-0.03722901134051043,-0.4307744000910207,-0.5439327624639787,0.2686960254490158,0.3108625715831574,-0.8744923268098849,-0.9470722908380426,-0.8130012020138181,0.15675364047792273,1.1252659751699567,0.17337503581902242,1.5349478094924107
Subject_006,1.5528747154856275,1.0365277374019803,-0.008648889994605932,-2.7461232794935637,0.6684019452537551,1.439426325074792,-1.2179789975640387,-2.7058192304017523,2.129606426214367,-1.7530186803310441,1.7765049971309597,-0.34276856122377186,1.0443392217674656,2.647389757829739,-1.2582102646246147,1.5385531763706028,2.0130288643625187,0.37664609323100606,-0.9317266038898697,-0.46869839900900684,-0.09438733677407929,-1.7461981852075934,-1.2404728027886942,-0.7466913483114269,0.5051974023067729,0.46337660340666764,-1.4303943057346933,0.8676777062449752,-0.6899956647769178,-0.19839049787956925,1.73519202320056,-0.7692569011929138,-0.05596404330698451,0.7779798202889031,1.536798809295169,-0.4059845335589752,0.22642289621276035,-0.4461058945674807,0.9976805322780793,-0.46382537138529667
Subject_007,2.3071391910832206,-1.5861385964388912,-0.3309782492762554,-1.8506858046813117,1.3577219953273971,0.664355810846489,-2.8539802427706262,-3.807221915609515,1.514283675785909,-3.700074886370307,1.833343083320714,-0.7144648527873847,0.2343413071209561,2.359058147532203,-0.8214072497549336,2.764313317148386,0.02177458140426536,0.23091622002317458,0.05029915912470023,-0.589350144354587,-0.3844215844591644,-1.5402030892020093,-1.6021867224730124,-1.1799889050248493,1.003390951049326,0.5672919167343392,0.07010958685682273,0.9079058800479674,0.07272162120338482,-0.7410808375137505,1.0726138298323913,-1.8407002555044947,-0.8770845167996779,-0.028862620097359737,1.991334383405733,-0.0843806580493568,-1.3654171872793714,0.29251366272219875,2.210121622226283,0.4827407110794045
Subject_008,2.5154024671299537,-0.4505957723240452,-1.262247528803015,1.4486238996043324,0.06842843572765975,-0.4918620662102479,-1.7792891006495883,-1.179028833534418,1.2790778166212244,-2.8516014745103107,0.9572456150672093,-0.2877347094856979,-2.1239679577638007,0.36558769298487565,0.11350039452482,0.17428753887508625,0.10282825861928313,-0.131083936625789,-0.3587126236377511,-0.94503841967252,0.6068161596381919,-0.4205654862190691,0.44571037135942454,-0.7774827087581166,0.2151540701066504,1.1586317498261596,1.2990563653095468,-1.3882107425650554,-0.12093607304198273,-1.6760158718354934,0.05736324546216898,-1.2851843395849674,-2.0957308857118644,-0.24399257550867476,0.29138733252081694,-1.7731933535676467,-0.9555095908655691,1.2516036487065108,0.08327044171740738,1.316706731338933
Subject_009,0.017112168328939345,-0.641581136460857,0.23239319862199848,4.136565605323503,-0.725231807545542,-0.7592208117704885,-0.4535376592853282,1.683810617138022,-1.1535333986923797,0.2560807851561705,0.3404547003202768,-0.5654572879449928,-1.5247292245476083,-2.5395414174868756,0.4199200178572259,-1.7155777349893093,0.13803784490968968,-1.700026007093053,-0.1398342608403298,-0.5296579166547315,0.8042407386095101,2.4207051398498804,1.4043525817177949,0.7512316437757279,-1.4447756152561775,0.5849953505155807,1.3900032229500736,-1.5176737108457137,-0.02465395937268758,-1.9621694984958022,-1.4795864584802547,0.48501020566971526,-0.3965193155575769,-0.756199106683634,-1.044014411978528,-0.8129490160881521,-0.5271153655152774,0.8829609548949948,-0.22744275818822599,1.3774670809309597
Subject_010,4.6723461134806135,-0.23534672259360567,-0.032185495848831014,1.9250155581257147,2.2363194528637513,1.015185715508174,-3.166347829860968,-3.642550903503219,1.9441364328904398,-5.142818751962266,3.175319582687554,-1.2133099192923833,-1.9675192823616587,2.145993504890238,0.46991267552452554,1.9917714109320048,-0.11847808570103077,-0.7273617825796889,-0.771032129477522,-0.3844886079131497,-0.8234777638962811,-1.6813353144592633,-0.5584281604353557,-2.071688281252853,0.9697737289857471,1.9356212018831003,2.3967403203113324,-0.3878401680275971,-1.3484477769965806,-2.7521143752607293,0.11383943856184446,-2.9572317574424596,-3.618163847152073,-0.774323683182234,1.724752487513074,-2.8365331839094305,-1.5000851879877164,0.5840137027453288,0.9556603335887655,1.0704345619010072
Subject_011,-1.9088856519940478,0.4790124597990861,2.7049428616737115,-4.989639154028003,0.2837125432298351,0.9504680288122465,2.899406435862624,1.9708884749704696,-2.5927854153892675,3.569252844014479,-0.18245547462187497,2.709188548656037,3.5287712965053415,-0.04964329247984045,0.22745693802057818,0.5624096102981009,1.872451817336107,0.7947712958430084,2.310752811032415,0.018685194574622893,-0.5609070331321445,-0.412200443043525,0.0785578997410103,-0.012443964684561215,-0.6649142243220306,-2.867245007892352,-2.10482998508401,-0.7700089456141815,1.8827235102632245,2.6129313904291624,0.653003607656658,1.4810966102492509,1.9528547845604316,1.009976586673075,-0.7928648523833274,3.956317550187747,-0.33100783326947497,-0.2524526290362926,-0.4438632683938185,-2.853739740594434
Subject_012,-1.825724405978694,0.9316825997320892,0.31874688007050433,1.188050468454902,-0.9535883373934473,-0.7321360563873571,0.7025920204873682,1.2240548713045665,-0.8224936054634179,0.8148397066956223,-2.607063754032606,-1.1047643643561131,-0.6477689257396106,-1.8436292559386962,0.02832479561836687,-1.5697112388106702,-1.4989729424795224,-0.35947317086411423,-1.5106664238286096,0.30503883656759156,0.48599906935372766,0.8655644567067902,-0.06523210716297789,1.8659694873506734,-0.5451881107902132,-0.6581619449280152,-0.08988145453909291,1.5837556145270737,0.008999151988149684,0.4895593713460824,-1.4481010331999036,-0.28871639332749444,0.434821660052071,-0.3835030226832799,-1.1821995633342943,-0.2959332806291848,1.3219372565934084,0.2387533911177236,-0.9075268777953068,0.6703646119105897
Subject_013,-1.2828290659186545,0.7047066411320438,-0.8591482657655916,2.7868383616921526,0.12293015230856152,-1.081961420779486,-0.3109476572738785,0.7929507622701325,2.1698207402358825,-0.2101726368826085,-2.811967862160011,-0.4944910188793782,-1.4854335158284777,-1.129020729635085,-1.2533356354817444,-2.2691084601631197,-2.2290174095098094,-0.5232115481868156,-1.9016080293307795,1.5981148647166856,1.5075276299382045,-0.07046897839447011,0.11874577716099165,0.9926999634398875,1.2777676527062276,0.6824271484560457,-0.09137887798625909,1.781194244732487,-1.230764092212948,-0.32681532692008025,-1.2808715886889064,0.14477648148435204,0.29035119742486637,-0.23383729060331915,0.5020593063705294,-2.31930798447159,1.7717973024349891,-0.7869888350817174,-1.128830791556036,1.35939525661429
Subject_014,-1.1713571871725896,0.24045244280898626,-2.5521708755960195,0.8228113581168415,-0.9356026481559576,0.2816098184182265,-1.0616395444881208,-2.082237015682149,3.369705276606395,-1.3307877058213378,-2.8748506247581878,-1.490214330409013,-0.0949027745174924,0.9453696141717294,-2.6254446184754743,-1.832824995563113,-3.2311956743208747,-0.3361931198961051,-2.0266745542802647,1.0377075773060345,0.471121546741598,-1.5503078420374643,-0.8931022388330127,1.8635226991177003,2.332762220865013,1.7271877859087874,-1.0494326750690126,3.507317084343451,-1.4381734542612132,0.47753514410947195,-0.06011675197847843,-1.3093137857690484,-1.1351187257543587,0.18246184128657164,1.2223428650360186,-1.7532763385657535,3.141892090665731,-0.6132223953687598,-1.2796274988979612,0.6147922484606716
Subject_015,-2.288770542251465,1.5319682542709971,-0.39848885738250844,0.9588602742063566,-0.9300891801987546,-0.19042611499875928,0.6372764712035666,1.7669944394477692,0.3004627101004806,0.6161910660168566,-2.061322898496037,-0.9633133881585388,-0.5312692947712859,-0.8094857797773748,-0.2041243159693621,-2.202792308556143,-0.9511757836058122,-0.2574052614203477,-0.6841280774681667,0.9702969014319546,-0.033114936586173926,0.4024522757844162,0.07086075963514687,0.7062701990367248,-0.14947294690256974,0.7573276920867621,-0.4166420145994907,0.3085552783138673,-1.0614839566919168,0.5855310603711135,0.46255559493474085,0.6822048173317539,1.0588658099187587,-0.0018998279010806196,-0.4215856117984187,-1.0023779334494158,1.9417840882513708,-0.4842860653877866,-0.6667740601246821,-0.40167999121638803
Subject_016,0.23748413339379415,0.28096016965130555,-0.4106698205321827,-1.5967138548612094,0.05469359648369132,0.22707346650236093,-0.24208551861262828,-0.9696828902061415,0.7731592607157176,-0.707399847094707,-0.30336077531693784,-0.6230169238955108,1.210067581658806,0.859931088741756,-0.679094990961717,0.41125237481497257,-0.18667220815155,0.5550124772356323,-0.30523160233439617,-0.11642171365099169,0.49823206407737786,-1.6005938527389834,-1.919989929893024,-0.14641029052140989,1.660609379180571,1.0683242987769435,-0.9993924735267691,1.1319620202366396,-0.136349759448388,1.2455223637163524,1.3088065629030727,-0.1345906369193116,-0.03748071053384189,0.5855438519093815,0.3515254978926342,-0.6556780950161878,0.9096571624468496,-0.6174120149460431,0.22396322804840785,-1.3212484024583122
Subject_017,-1.3953067675931403,1.7692222651984295,-0.6848337592631922,1.1182910136903432,-0.6886462894786288,0.2358331023666278,-0.1959922709599402,1.0445044391446905,-0.06267645232583369,0.34719959019341545,-1.935480015021513,0.3586479239960277,0.7383068403887918,-0.5932800467325794,-0.7332362849884895,-0.4296786782284421,-1.2838595475879264,-0.4469571825043567,-1.6720655614222162,1.2903696389711983,0.8041299780977285,1.1946907139577774,-0.7444782601020515,1.9512806996377643,0.5059002750844063,0.5012173281377053,-1.5096108835715696,1.8854590780049225,0.019125851330556554,0.5784946422062123,0.20589206556344208,0.08721135752401193,-0.0865745163063785,-0.3099772428122364,-1.3247925012247357,0.05772486408920047,1.9833487254127145,-0.7427134144050764,-0.7528159912565078,-0.15460845065369933
Subject_018,0.9094516366007198,-0.4480409842776436,-0.7693594018208827,0.6311843419929596,0.021827954574271724,1.1792318751725748,-0.9626575679067546,-1.5802287358011209,1.52087049038582,-0.9530306864888771,0.8298279877522412,0.17479866862485943,-0.6237988337607381,0.6844431167822308,-0.4775194186807694,-0.45604253502156955,-0.3531088538732905,0.6328413673165617,-0.47726024314665566,-0.6731939199918543,-0.6911972445927386,0.07551701957219004,-0.5152750788870883,-0.6885231774563976,0.30187805981064986,-0.2495812190557572,0.7469954361931564,0.33165999859820905,0.2894468142801681,-0.27550660212289046,0.9467416806070911,-0.5957630329423829,-0.20981818261958946,0.3624359144861186,0.7916318302332022,-0.4472110234026062,-0.00623189565840003,0.7939430122358653,-0.2874027390966999,0.27713422043038505
Subject_019,-1.2413275313684655,1.1963864991370552,-2.1948405159486355,1.167192982718191,-1.2271398008833199,-1.4049898407172794,-1.972135660611738,-2.0300780711515953,2.0708802561619954,-1.928077098119791,-1.8936788209356297,-1.0629673277209963,-0.14560365803650366,0.13562356387167063,-2.961233183277211,-1.032853231070628,-2.710641454425027,0.1804161970932287,-3.0839792818045297,1.1612603669097818,0.4429325149206902,-2.141416098242523,-1.6529183294534016,1.0059039980896514,1.6272273777401116,1.3577946303237978,-2.4213660257853196,4.065092706483881,-0.259925920571316,1.5317566570873429,1.1594464696647946,-0.9744819480168796,-1.9846727722214346,-0.42329946367318916,1.2958137583992702,-2.011209941095155,2.5142420101793928,-1.4339313474678015,-1.7335178092534083,-0.49901140909704095
Subject_020,1.6793167020115936,-1.0441125705919703,-0.5715969036344082,4.41994091752806,-0.10405440441078545,-1.0318781821186596,-0.40851273164958224,0.7411937836141038,-0.2014320848343229,-1.399655167566972,1.30171643078313,-0.853982365556174,-2.663725384358135,-2.016118965455985,1.217313597751329,-1.3159926818915955,-0.14898512163437327,-0.7530663836063243,-0.12559496741387952,-0.5443378540747397,-0.03944267945826416,2.1826456182141944,2.248362595330744,-0.378477930377107,-1.1017938460008792,1.5784123003175345,3.5008082897777206,-2.2795392909715804,-0.11265216994689725,-2.73331736646542,-2.0140785841688977,-0.45609853586028754,0.09879479628532017,-1.710603161695971,-0.18799282783683813,-2.8023310628358793,-1.6317103588282307,2.0037395116822507,0.21889058587390647,2.173511017461087
Subject_021,-3.3630235398150075,0.8913839165460802,-2.4904235667915695,2.6053323568522067,-0.13769351739079272,-1.511642272419058,-1.0807451772193224,1.2734962765654014,1.036245558853171,0.7244999333443436,-3.3144140348889413,-1.2743321889560306,-0.6705889731416165,-0.5383393288119054,-1.450883599444239,-3.2364223600632194,-2.296991777667457,-0.9778832380075688,-1.78009447905874,0.209364239294069,0.4503418002961136,-0.2705529805837436,-0.32262265838131726,2.2671938869825277,1.2112457420994878,1.19221099391451,-0.7587201396195833,2.8022825981787776,-0.5739098293000306,1.2116435436778374,-0.25786564680366214,-0.4135004022343208,0.038021979161423525,0.11383741500564884,0.20361029763430372,-1.7194103555682068,2.2258828877639294,-0.6311751936620764,-1.6257343396380195,-0.7268047083787674
Subject_022,4.263761754426627,-2.4261227497306486,0.5477752685091274,-3.59393891430604,2.9002972663371533,1.6839156235459476,-2.360258714985451,-4.020688412113308,1.8006636245866074,-3.145779050158284,4.035248612460734,1.21986383038613,0.7594982748026892,4.212132358167137,-0.9793370075685311,4.0757021289967685,1.2291938713957693,0.1665280010250607,1.1727099163231187,-0.9501834816159147,-0.6441893868961605,-2.430159802022051,-1.580310891509185,-2.6309511591536667,0.7245570984548724,-1.0629079281758547,-0.4062844274056989,-0.2701088620331478,0.1586668499861125,-0.3098529578506584,1.482095347649721,-2.008234422955697,-1.1959399416813703,0.7022130826911812,2.311592763313614,0.45845281304663715,-2.103666490243387,0.08777834021958356,2.734278953887634,-0.6782565953743764
Subject_023,-1.9638459555468248,1.655708188000713,-1.3800447603529329,6.046063948731378,-2.144434192162112,-2.52144172225515,1.458997240802028,3.0897576874606267,0.037130340363039346,0.47721150527750145,-3.638172440586016,-0.2351339109671824,-2.3465012403298697,-4.2001850902303515,1.2605721950882516,-3.9842951565678044,-2.0813749636918106,-1.1674364000231165,-1.5657194007179165,0.4994448721145097,-0.18089210534241595,1.973559999290166,1.8535272141060128,2.863056986788658,-0.21698784880688538,-0.5808428651658498,1.4032742972466579,1.090908046585584,-0.23194792251680346,-1.4030580370692132,-1.457084479001626,0.37516740601310006,-0.939139540377991,-1.5915533336767396,-1.2467003318689691,-3.3707661629725947,0.8969503484142414,0.37733843427004715,-1.6611992044790895,1.9636346286246074
Subject_024,-3.08580402243102,1.3259778933834105,-1.5833717042179924,5.768630687015792,-2.544095154223794,-2.6074700303638245,1.5293787504684015,3.8223823604339113,-0.3005801812072042,1.7764597980082497,-2.9214141862086866,-1.3826932781557697,-1.9090047107297732,-4.070751941709244,-0.08161296941887874,-3.3402783751936886,-2.4512388275421024,-0.7109037148311629,-1.5675826630446412,0.6761991073494678,0.15389862491258513,2.659107321458401,1.7303224417798475,2.460542539988354,-0.7404506113715711,0.27047376144213986,0.5652158890639378,-0.5517483625386752,-0.511454540748384,-0.9435245697162273,-2.1186275789760853,0.28026612999919054,-1.052408971489107,-1.6604058400959194,-0.9818166646936859,-2.472696731500756,0.5817254544541636,1.224757730941556,-1.6531849171740058,1.4257762971907877
Subject_025,6.288376497391765,-1.7418157214375685,-0.24414539769696741,0.8785060898514747,0.6872207778173658,2.520195813671389,-3.7979607679639686,-4.542409128803676,0.7916829622330888,-5.534544221174209,5.995282172406055,0.14181863143336026,-2.177917905908016,1.3083865979433065,0.020287792944208904,2.939507669377277,1.0500266960580626,-0.6944988702244316,0.04907382785365937,-1.3443654200766497,-0.2894506117960698,-0.7048449233287056,-0.42116155978299796,-3.3110286185748357,-0.5465002606892267,1.8931674057884709,3.843237689147409,-3.2976821618873933,-1.044967399904176,-3.9310919736549654,-0.7930578820288051,-2.6272015131361575,-2.4427098571540578,-0.22582683229273326,1.8917467965055559,-2.153638570278993,-2.6325729442390085,1.3639546617909113,2.502891555386452,2.8693860484192983
Subject_026,-3.2105705790739996,0.9989958279088237,-0.5225907515100989,-3.0113467362744,0.27949055878726786,0.06532613039379366,1.9041277156102603,0.1672312723512296,-0.3607722943732499,2.4707354914908017,-3.013769156761892,2.29935639074323,2.2910508835728662,0.3955206452434034,-1.4600924194213085,-1.6013963684923769,-0.5305246468048467,1.2361170874497025,-0.1281767968819889,0.6004993912365448,0.8742125927756866,-0.3349598429878087,-0.9441011624174417,1.648136323093467,0.7875903168251167,-1.4592577325185454,-3.9181086478910117,2.131396638716054,-0.06369476534091345,2.5884234205520418,0.36585572927497434,1.6899336894303079,1.8800797280842647,2.0946005241753376,-0.795906824780487,2.555801051988222,2.264838887990392,-1.3400856354287993,-0.9003556730792306,-1.8991236735113113
Subject_027,-4.338843906158694,1.440513741479856,-1.1874706838331979,6.010900750525609,-2.851292565347877,-3.4051832950601844,2.51715621243394,5.798646374771354,-1.1378173980764723,3.2562743682939486,-4.639404482804167,-1.194944722960086,-2.0444765599315486,-6.0814977515410815,1.4913242272905851,-5.5673597467980285,-1.8939296366516185,-1.2749027709502994,-0.8976976078597934,0.15688753448895898,0.5922851722614103,4.056445109423519,2.8520821623702917,4.21950309683479,-0.2799754718799091,-0.43701325263847757,1.145024603930015,-0.7707909982346631,-0.4752828979827766,0.2504936475355251,-2.17280111170243,2.440501342772458,1.3363476721799525,-0.6836244600987377,-2.3252197299600783,-1.5736628319470438,2.4881700192488676,1.0924399942245975,-2.2861406368612984,1.3622438387929152
Subject_028,1.781265129474174,0.4044326793264863,-3.254444066376491,1.584137633341275,-1.2729613452769888,-0.7010230101060706,-4.883915470985807,-4.048063782857545,4.87926508777618,-5.5648318420242235,-0.619767213389077,-2.828601886628583,-1.6011597502485106,2.849190192179276,-2.8933407746443254,-1.1668115194264692,-1.4089256595239499,-0.46574686560161055,-4.355265374521926,0.6117540653036051,0.8820332568445091,-3.744269804107837,-2.2970458299583463,-1.0615803694057597,2.2342751660443474,2.568002704647849,-0.5155049687666328,3.6253867220843397,-2.558068092982072,-0.9393259843992494,1.3321906097852296,-3.142363590409921,-2.832488379814274,-0.47271879680392004,2.1675147874334804,-3.5959241541621783,2.6400639348947514,-0.8668544449110459,-0.007940427070934841,1.4858055372324093
Subject_029,-2.600957950504702,1.776368601149477,-1.8104066701856016,2.9907187072630737,-1.5827323877551442,-1.4505205825653695,-0.07865984150308014,1.635195334741842,0.7404079830132708,-0.466834919478577,-3.4001756257611286,-1.0312775373647007,-1.0402749104260183,-1.1686906984468277,-1.3498379866627397,-3.759359436134127,-3.5026439834135394,-0.7774422781685854,-1.8844473329250537,0.7120551271155563,1.1637824698702266,0.6761188204671738,0.2611313468342868,1.8715835904495661,1.2513201623011199,0.4750614109366108,-0.9267748236341401,0.8349803065405231,-1.066006457512455,0.797903676076577,0.5846035185962153,0.5960535532360679,-0.4252711875062208,-1.0898390092609647,-0.4375862712968163,-2.3036259114967153,2.611790578468673,-0.08472066307430809,-1.3811544114012564,0.45544835115875143
Subject_030,2.366035996163584,-0.06299879026777438,-1.9130944902456317,-0.11269957980874645,-0.038659404997243074,1.2378920806595164,-5.222455142940223,-4.051585954776243,4.758124383260088,-4.772259709397393,1.3556670443875576,-1.1612599046593948,-0.6686186736538631,4.0220572764215925,-2.831385554322983,0.38093577038820325,-0.47529602650978475,0.6572985447954326,-2.984827890417558,0.05016331877210234,0.1588817258881946,-3.563203977020213,-3.1919744015067084,-0.7377513711039582,2.7733443013207317,1.7442704023314801,-0.7977769994559187,3.393427873683805,-1.8010065909790094,-0.5458510785752704,2.085780400973227,-3.051999762998082,-1.9977512760019203,0.5256040393812951,1.5028072761850537,-2.0989001665599734,2.0603552116388575,-1.1678040143889294,-0.25425237170685333,0.42107639950232034
Subject_031,-0.7748848989098658,1.5970030218212945,1.4874481125964119,-3.0728849440770527,1.4317086119677707,-0.2894947929395657,1.9156218284115467,2.341629409727984,-2.149708329281668,1.661276972535382,0.058600491542712047,2.2727214627739887,1.8529497016899745,-0.5389198512964487,0.3410141545232195,1.042754622024722,1.7141092294666371,1.222731064394666,2.52474185998471,-0.02119374231054927,-1.0874692833331485,0.24469373996684618,0.6369607307724112,-0.6467419919676867,-1.0291167488228896,-1.245420298852566,-1.2749351404520433,-1.6285914939698218,1.1615868429901672,1.3868592989244435,0.7384955591884464,1.681406907370783,1.6412388362306294,0.22783557071352295,-1.106786335395298,2.243923222948543,-0.6820917327671208,0.3919093025137432,-0.8157961488316443,-1.7947892897420856
Subject_032,-3.1947782597515997,0.7546073258815061,1.3541461533067878,-5.399307827003678,0.7446097467805008,1.0523450754418056,4.39269056237972,3.2734099463969035,-4.176605059472915,7.257869025586949,-1.306560015282819,3.678023774173019,4.509035602437439,-0.7276170376766486,0.8257275737732296,0.926488318063073,2.373095557957568,0.5230857583630767,2.3556050812479175,0.5210755422679381,-0.9085922485338467,0.07996541749683828,0.2502747209772975,2.6592813986136403,-0.2562520135742715,-3.192147939099316,-3.452016700603241,0.38560912758411586,2.718420601706989,3.846262784217685,0.9787386443465586,3.706687836277984,4.230856688595421,1.6733562267958748,-1.51280994348068,6.3725499990787275,0.7568380194438276,-0.19523688274906537,0.1873756222662888,-3.996639819536251
Subject_033,2.0576809843049895,-0.4486180318782346,2.655185069776512,-0.45603869918623274,0.2938372043914058,0.4976418959811388,0.9657692871319261,1.513520481486183,-1.7598467878271968,0.9944730125821035,2.1589900963520665,0.8113542980992043,-0.7088144335208026,0.02296961297341693,2.0506256730470795,1.426944449682239,1.233153933218667,0.03270516466675223,1.3104783961061774,-0.4387174051462829,-0.409638352808175,0.9981838129098786,0.5797349848398085,-1.3500616756548658,-1.151955650004153,-0.4318523296787385,1.6788927588130556,-2.2043895265310685,0.43532110278316255,-0.29209679123139665,-0.7609544866022534,-0.04235252582886184,0.4209359946645317,-1.277889223190439,-0.6423970156301053,0.8474253205839086,-2.7157487688533726,1.4740971693078349,1.6024938330080136,0.19483661145498418
Subject_034,3.9524267655378877,-0.8882977776013996,0.8179277059051115,-2.93222769728208,1.4626963039336727,1.7245129118369291,-2.149938502184628,-3.158827748715127,1.083997379068568,-2.5359059783978366,3.3674302917912295,-0.13844533249738794,0.8257963565714133,3.976413065173765,0.3445158100621949,3.525493175387126,2.324964710053531,0.4065258923524121,0.68718747348683,-1.4478945362032847,0.20748739977884678,-2.6634437884299933,-0.5565169356632655,-2.8348553750215952,-0.29744965656716116,1.0287202068699302,0.12457812234462767,-1.2347931690967675,0.23870593235147713,-0.5735896814953635,0.7266264066499584,-2.3833397678733372,-1.2668281033687525,1.19738959437445,1.4639641332369044,0.8590700548002038,-2.319838549351535,-0.09680388107280108,2.6961479631303575,-0.34610104299282185
Subject_035,2.5424979363096742,-0.7373045809047484,0.8296421761157451,1.0890138578539925,0.8906060282655117,0.3358336144432151,0.4313226308547529,1.0906454156242114,-1.253402375021156,-1.6434163784914069,3.0535836659975852,0.09800690617534265,-1.1281155966850733,-0.7767359925605004,2.14881216633097,1.5525643671423892,1.662956713874228,-0.638254879184257,0.960658801955707,0.25044149595659726,-0.9256081770632714,1.9709499577475968,0.9131632890548848,-1.8243082319943973,-2.215078822989392,-0.2591390295284445,3.611577887816687,-3.5331764130038423,1.0191098049647282,-3.258372384594444,-0.19694318829484492,-1.0718013764289673,0.2435720642844238,-0.35957953735014614,0.2388092894752883,-0.9669771753652736,-2.8464979159837687,1.2553516037729304,1.4987770462384966,1.1868623971944325
Subject_036,-1.813161669682944,1.079621452459616,-1.2819733603803287,4.608396647376529,-1.6252064098603562,-1.4078012229295576,-0.6751894237801267,-0.0612051156341753,0.9582048396771718,-0.3288876873886662,-1.7063858555962543,-1.9855351653062128,-2.066239780395259,-2.8929600954445864,-0.3118727191704359,-3.121921039680906,-1.4591424807540219,-1.0759974007980315,-1.7664911028213415,1.2969932285697177,0.5963382492487592,1.0708832022764754,0.7579348433086319,0.5969330694959545,-0.9932589119444064,1.4312858219919784,1.6375839245471069,-0.09968202790893689,-0.9103184220590157,-0.9167866772789757,-1.9531984193119531,-0.5367681085473117,-1.4784731550697536,-0.25518899591931266,-0.03415041918100975,-3.6259559002068507,0.18765989461700316,0.18128980942145978,-1.0159632924849524,1.071933709108173
Subject_037,5.978291117565531,-1.467343559064107,0.6405101103923231,-3.6195198590207616,2.2153675365263017,2.065752974516251,-3.6836253019323646,-5.045505487760792,1.3981967034584621,-3.904305222743634,4.7880471919174274,0.2879744154534825,-0.3738527869077304,3.9991927511296526,-1.255845613357169,4.11396249684276,1.512455153136654,0.2541886364181489,-0.774022042108542,-1.5364144209737223,-0.33635712905025394,-3.0974983184562923,-2.2386352944664902,-2.3906345154360125,0.7503914419851099,1.696564088894434,0.10730938920711897,0.38083231284176944,-0.46963972254800873,-2.039650905456429,2.1448943488106207,-2.9424537706440907,-1.5756776236469774,0.23776527902965183,2.214087343263117,-0.8786970026171932,-1.220964140328511,0.012727200749230616,2.2646096376699987,0.8444487469184756
Subject_038,-1.6130685328589789,1.4975129765650892,-2.5035172594867996,5.26229789333097,-2.49373341642085,-1.8082352117669702,0.1305795985840649,1.1139792654680547,0.9084473882385906,-0.7934360214308593,-3.1575628739441366,-2.44341730363004,-1.8954021406492227,-2.5653579651796017,0.6952643889264388,-3.605479071206785,-2.905838524655362,-0.5836523565625182,-2.830307511246911,0.3179257551724833,0.8355968847105218,-0.22455608762841428,0.8456798823327774,1.3655696440776315,0.5371827127333328,0.4505525692343646,0.9983866063761158,0.9562177200655765,-0.41786311249841657,-0.7319984229726746,-1.6101183950678022,0.03649473637577558,-1.3756646788425215,-0.9568900657290527,-0.4901019298941061,-1.4972091959409326,1.7488128434580505,-0.22203865308254533,-1.8070274739322076,1.7515423022123928
Subject_039,2.090917329806629,-0.682462899018621,0.6147182883260721,0.9839331435006793,0.7924568171289186,0.40496249043070753,-0.8731177745502068,-1.121739126246255,1.5558464582546092,-1.9399587926256323,1.7359129422897361,-0.9191092622809066,-0.16677564996270255,0.5279682345639501,0.27600840548899236,0.8425655130828212,0.3070543720018359,-0.5630443705848186,0.2603246915537749,-0.34031152029102585,-0.01495604609656917,0.2032130239188411,0.6110057582505886,-0.9968773524198815,-0.3162020848571916,0.25650332856575586,2.445131163045341,-1.7109067454697011,0.05884429566635474,-1.682525721842517,0.46855824345535957,-1.4132460764382142,-1.3396889726260102,-1.0081750347822322,0.5605538793617763,-1.838281061814774,-1.3453927562088734,-0.5343554121836648,0.8675369182584776,0.8171859787601108
