subject_id,Prot_000,Prot_001,Prot_002,Prot_003,Prot_004,Prot_005,Prot_006,Prot_007,Prot_008,Prot_009,Prot_010,Prot_011,Prot_012,Prot_013,Prot_014,Prot_015,Prot_016,Prot_017,Prot_018,Prot_019,Prot_020,Prot_021,Prot_022,Prot_023,Prot_024,Prot_025,Prot_026,Prot_027,Prot_028,Prot_029,Prot_030,Prot_031,Prot_032,Prot_033,Prot_034,Prot_035,Prot_036,Prot_037,Prot_038,Prot_039,Prot_040,Prot_041,Prot_042,Prot_043,Prot_044,Prot_045,Prot_046,Prot_047,Prot_048,Prot_049
Subject_000,-2.972518279988216,-4.97729286769542,-4.518853150465403,-3.3247724486705144,1.4849308149097658,0.39885941831036753,0.7704448504313552,-2.9861049557489845,-0.2616709213661219,0.6569105179258018,-0.520040179012309,1.5718772070327565,0.3159163879982404,-1.0048851166549333,-4.997330363688031,0.24066148893528197,-0.22854619673175322,2.3422804142098146,-1.5838244236824712,-1.764178004109176,-2.236174019814289,0.07874627319672545,-1.2717877892607206,1.083484761262852,-0.5475692330990773,-1.7605009585074316,-0.694701834672659,0.7295970460782107,-0.4222944657669828,3.3938975071822934,0.8061819347244139,-2.1909259573101263,-6.232648011457799,2.739987394030254,1.7576449706147657,3.42851891079406,-0.054872445725996755,-2.037665868460624,-0.6503931938832554,-0.2577727146695575,-0.9997661729881194,2.1196754513762013,0.4963247986679857,0.048691654323410494,3.1103810272886614,3.678593631001964,3.215452078077952,-0.5330181584702406,0.31133290268394137,-2.4116869183809975
Subject_001,-3.449710814694842,-1.223051550115978,-1.2282617089998786,-3.311827379923528,0.49669766148280226,-1.403760150708263,-4.394173604810023,-1.7765236618993836,0.6533345458313354,-1.783981990281629,0.41143867860001976,2.080244507208299,-0.7435834269542925,-1.0299896040498104,-2.4464947850570717,1.2117837281004493,0.6511014500206568,0.41737427501528057,-0.38048408096134445,-0.11278464945292282,-5.895095635138765,-1.0423272301494342,-0.7071733432072317,-1.3828993578130053,-1.9486007711571456,0.4602577091603068,0.1365213787240201,-0.978958006714793,-0.7903737543356069,-1.0811618046638356,0.7310088043527808,-1.4535263296513994,-3.1438968744800437,1.8503098289475755,4.060498038686842,0.014381232474182437,-1.1676688427357618,-4.9441459156150565,-0.052825498500582435,-0.874964221392676,0.9358890322242648,1.329594708868941,0.6730678886243298,1.5059315644832072,1.4472364007052618,3.373206540588437,-0.5906476805868138,-0.05545615805288889,-0.9411029191083411,2.0716748595441503
Subject_002,2.674239421850153,0.9336620537548269,-0.0190177839066753,1.2186158533093208,-0.5315216462283434,0.320318149068713,3.2361218297913767,1.003593294766397,-0.1146803216400154,0.6059922142281499,-0.7534480782831772,-1.7706071191215138,0.10169144685841558,2.1350207550155815,0.5209149738142189,-0.2320919880500944,-1.1918622874125568,-1.1713655787926447,-0.21827505903066824,0.35461368120067494,2.7427774077568436,0.26662641914702057,0.9218189155364659,1.1338421089473985,1.883167028637312,-0.21359925777515504,0.6195236800659722,0.257985115611653,0.17623434438796037,-0.12622528864648747,-1.0677611977302222,-0.9170466253843668,2.086763968409154,-0.7444180552163375,-2.7630716892625715,-1.2096101677734068,1.9487095417719678,2.6722547753973864,1.0463046136238587,-1.104826024131472,-1.1905087668795948,-1.2982165397304386,0.25356954780964164,-1.42278717506692,-1.5478585185179314,-3.3027070984909077,0.7662217692676643,0.12760869235921302,1.078182599916295,-1.5242034547333647
Subject_003,-0.4318541773068008,-0.4541850415835863,0.18206431493969866,-2.042514777574356,-0.40092786064121644,-0.7258498159315157,-2.9895575056554695,-2.3974213700586415,0.617477255438015,-0.4301886802897558,-0.8418716289376058,-0.13173546889792082,-1.739406407587199,1.3841679062841674,1.3395976463522334,0.8069177457969869,-0.03983444288758173,1.4540037168542508,-0.11869047325955817,-0.913272003263361,-3.5650811039468313,-1.9874968226296068,0.6415265284219467,-1.8076808777780236,0.09177818599756274,3.0307260083521173,-0.6105663551033635,-1.8192359743651747,-1.2509336176718975,-2.8749204275145264,1.2044101957185185,-1.0473142312770745,-0.04528954231246246,0.12473761343589132,3.3537006166708516,-2.4698636992199394,-0.020580346006690953,-1.6707258144154202,-0.46329988273502276,-0.8929476212930298,-0.2612033555129455,0.32810363322185726,0.31060970905467056,0.1715370747283247,-0.2570923673980382,0.31200721989415964,-1.8409698454141235,-2.565821220692123,-1.0795653496692474,2.428557496099928
Subject_004,-0.6928728898674839,-1.115572638296976,0.03549906340767417,-0.17728273653682916,2.7950043717618804,0.8737207560928653,0.3539928445244089,0.8767850428325776,-0.2453720085046427,0.2650344029896553,1.237447155341614,1.6512357584003472,0.2893142684363387,-2.553773233966186,-1.1668397360141727,0.8505601311067212,0.49957571573141757,0.2695190800512006,0.9070730655394739,1.9455044601828377,0.6478092257189685,1.2422907685615545,-1.907226437613343,0.3522959601954614,-0.526592995481182,-2.215516188126986,-0.17723187688707387,0.598871951616041,0.31298547386052367,4.077225388377533,1.1325990735863374,2.0848152542452687,-1.3219240591495107,0.09657071162539355,0.04533234294005839,2.130742930257564,-1.28159719980283,-1.953474816136946,0.3588271618267662,1.1877716574281194,1.6532362351669918,0.2009289878666357,-0.9648449136882581,-0.08808476987982147,2.505918121069949,2.5892725124884746,1.025655580258224,2.7084673747839343,2.0549960431320216,-0.45712156942096754
Subject_005,-0.3888107261931068,1.1749208125143453,0.5519541938886479,0.23819022831364953,0.8362331136686252,-0.025821741666614904,0.1836280441398303,1.6898898333283263,0.4274884438415393,0.11383303594142388,1.4129284917182683,0.47445012652323915,-0.02305027392528035,-1.1368215289377201,0.6190986308111477,-0.9003850440388868,1.4807898635539414,-0.7805676765774705,1.6197124461909866,1.399861348059472,0.25340934558760236,1.0432459215997048,0.09724762112997021,-0.13668831290591343,0.06132239652431004,-0.5305670055781586,-0.21529743780223445,0.4350267290712568,0.702442824164154,0.2417116376310719,0.8566291841259976,2.359914613308929,1.427621780091132,-0.14710136483017755,-0.40145419320827314,-0.3712874222108472,-0.6965238982144827,-0.4421201873707554,0.701409156035536,0.7613760074535553,1.2438341980737628,-0.1725022033370856,-0.28397676377590264,1.210334432466371,-0.4802073295863989,0.7981726520165535,-0.8953547512290598,0.9284250299582686,0.016575101129899905,0.5504728440737898
Subject_006,4.433808429336376,1.4886327675499198,0.10442127133061374,4.08675240583247,-2.642848398506801,1.0246350580707533,5.248518814438481,0.6285881276111045,-1.115993621296659,1.5337503519022138,-1.9240254464187116,-4.125610264731388,1.7867824982430967,3.581334485403373,1.0979122519076596,-0.5144471033059601,-3.491681320346771,-1.005702674446245,-2.171575945279281,-2.8883701003949525,5.0449496344969145,0.8467224036038947,2.372010626539439,1.53593518140322,2.7710638886597567,-0.3894225176877064,1.1346292072296504,-0.8381889349322892,1.1380751626076722,-0.6809467687356258,-1.084897403641978,-4.673105168863159,2.538683110762248,0.12191824074521818,-5.064091627472092,-0.14504034768415278,3.0850143322502155,8.380358001942595,-0.8684063847819581,-3.0470688887824258,-2.874373249796409,1.5332327313692447,0.6820585134409111,-2.640375393364462,-1.9606716792099932,-7.538843593670133,1.9418384789064893,-3.1077077471620878,-0.4220814740682185,-3.4994489633495744
Subject_007,2.4871763881627755,2.39493919773321,1.0236786148871435,1.6873794486784728,-3.349154115273757,-1.3126260895078263,1.9329839908343118,0.18313507037379115,-0.79637709508125,0.6676440629177669,-0.8287277817973598,-3.5852351180210893,0.0502780429847451,2.546882878920197,2.263864842065882,0.6276462386855026,-2.9285348371355138,-1.0302977594973728,-0.7161831145865888,-2.352209775620846,2.9060642681009035,0.18608279343270995,2.308465748036219,0.8654662118794526,2.949758947808199,2.322230316076745,0.6735741734577515,-1.8587002197047366,0.022332278017834162,-1.312585351833592,-1.5723044394926529,-3.062064641857838,2.186641873804792,-1.4911660671725986,-2.114521351933741,0.10310409738735804,1.6726120798113056,4.559322000373923,-0.8524385665866934,-1.6434364159825732,-1.5117132031973268,0.1898420858817667,0.010686166722122359,-1.946323313858413,-3.072597465555709,-6.07141275726736,0.19791379622256458,-3.119728461481962,-0.13215163934291663,-1.2039292392671994
Subject_008,1.4638489509580983,0.06533508643542119,0.20526116668847533,0.384156394291523,-2.5243095502177697,0.32833530733502225,1.5165736612387293,-0.8547876585743766,-0.7652911938161332,0.4634355336589662,-1.0263881968274318,-2.5546728461262007,1.1198020573236878,1.8878374056513543,1.4132822925399373,-0.24495655687834428,-1.0693239571652442,0.12925818487033366,-0.7357250208095877,-2.1810537811280697,1.4952480612232704,0.40500417082559614,1.2897537773951417,0.39832262664166845,0.9850822531833325,0.8192529544219084,1.3365385954841729,-1.780728589614594,-0.38466594486154165,-0.5424278872510749,-0.20451556890248118,-1.841196951362382,0.14297853710232045,-0.30564047466215116,-1.1709900141516671,-0.4964950666142036,0.3604853395929961,3.2397007047305904,-1.1275906289938389,-1.4101389725288531,-2.01468661459126,-0.06894613403142663,0.550832178004472,-1.2641575338817301,-0.7468276942034666,-2.130861061416449,1.1179496631764017,-2.9101149827788313,-0.9814337880577733,-0.7886734974754943
Subject_009,0.17146149009355335,-0.6289909588206828,0.23554889794990808,0.5151736136183033,1.0846945322278496,0.1552891140845879,1.485286359395259,-0.0558917694427713,-0.5295075552284689,0.4955336572658733,0.693450353196614,-0.5832352154206353,0.3568804476483173,-0.7767559755520662,-0.2586469805499906,0.22627787858244128,-0.25636899470318364,-0.2397696578509126,-0.3493243302112826,-0.12577283466290393,1.829103831862217,0.49883846455081976,-0.5826058155865462,0.19148735329840472,-0.716562950573711,-1.0324984712783216,0.6792870753612275,0.22477557509548496,1.2207019018203833,0.5595483363089064,-0.09052127382900992,0.7668437958274026,-1.0304743178365405,-0.042772231604964586,-0.965992454021334,1.0966033200621128,0.5925671768660103,-0.004307717598140526,0.9101293192607791,0.052189523627792694,-0.3967279446113819,-1.0842879111100379e-06,-0.08176574263296027,0.5386377712946737,0.20589406892019824,-0.09375662335950802,0.7012550269561248,0.9360467845506019,0.6433352533707906,0.32188365519546924
Subject_010,1.2457431978320688,-0.3804315820156264,-0.6421311154350651,-1.163951694911025,-2.858844744556005,-0.16209614994684718,-0.4081433811549733,-3.4063501455934384,-1.7368918304212988,0.6815879020075828,-1.5563885056016549,-2.017061377860886,-0.9602740341669049,3.0207754873479904,0.3828683543862435,0.15286360499533935,-1.6620193922547786,0.6064789290879299,-2.775221546951131,-2.970082015724909,-1.7129056558396032,-1.5759856790156954,1.5495458282462204,-0.07285881045168702,1.0707652474098859,1.9451204652604126,0.9007061001668588,-2.4144449966680406,0.38816226592202563,-2.5150989013572342,0.04978797957805592,-5.580517722855741,-1.7077747066882563,0.06777815314314972,1.4226842723965027,-1.6618030490929698,1.2473707679858173,0.4502249376566505,-2.981958386379196,-2.4330645620229743,-2.770665912535073,0.7654938936171043,0.12636617156698327,0.6964760358977762,-0.2037127581967122,-3.0276798235515505,0.2765548234605934,-4.1661062391340105,-2.1033138964669744,-0.8138914117466667
Subject_011,-0.44025102843380126,1.2491498028953736,2.093541212070533,1.3556920094024831,3.4319738853704616,-0.22425499262399728,0.6326952237716785,4.815810184543302,2.3462652702116813,1.2625729129209844,2.855885139380483,3.337185997301265,1.837683138988354,-2.9300568374615135,0.8066913580729186,0.0044786643409326365,1.917286143292646,-0.8750139206913337,2.979418103926037,4.921536867781742,2.2621944439254404,1.6978484691641256,-1.4250242680502887,-0.05871826754839077,-2.031219562032627,-3.004568370323571,-1.2305902369813637,2.3013127091375645,1.2227046238408459,3.125533120591311,0.8621806078489993,7.77054008806545,3.8917754333801273,-0.8982648718822054,-2.2044581619156354,1.0405981456665996,-1.301167876184663,-1.8702454902151806,3.9208831482520887,1.51776992499856,3.3507184734484503,-1.7667551041543776,0.04613184690801542,1.2769574928483187,-1.0279514549841955,3.6601541455494604,-1.9386892687049946,4.4508951324428505,1.8040164218440675,1.2234753747531075
Subject_012,-2.4607887451006096,1.6694587302130979,2.936636849688552,-0.6380458283605106,2.0922096505204393,-0.8533151454304669,-3.9251471172816266,2.140413114169157,0.6306531051305841,-0.926427548381064,1.1928764712419755,2.20227022983005,-1.5565729358500793,-2.488953282657075,1.6010252718587472,0.5357716878398093,2.4530676161215097,-0.5580912613837583,1.7427330360925035,3.3821339782996707,-2.2041809868249844,-1.403203361853861,-0.6374762354782092,-2.046266728018983,-0.5943002657176887,1.0756707540346837,0.02821136525865997,0.4140849335000657,-0.5954583595177999,-1.1682200037632304,0.24781476090090765,5.2457470538032975,2.7964738193916148,-1.1850587700705377,2.2635686747937607,-1.6632982605977575,-1.8428718950021374,-5.347626045533246,0.7433481138685116,1.7057403192519665,1.9384194747226018,-1.3061526368790661,-0.5458319748861085,1.817360361810361,-0.9168534382115706,3.1251968791902485,-2.3338050176187894,2.7367947459343225,0.13110716337521988,3.375654902374263
Subject_013,1.396995743132638,0.6494166661449844,-0.48060392123197304,1.1395980908420302,-2.05529238809617,-0.24565100769653345,1.3798435693756972,-1.0629011539813495,-1.6580704853381563,0.9396659338665729,-0.5774571192334396,-2.000117417125436,0.6656350623270801,1.9516170993711086,0.13637043248812153,-0.8237631322948489,-1.4328857430501267,0.038743596199449955,-1.018836479974322,-2.3202031654533797,-0.48684356540124596,-0.8122869402137618,0.957901137695713,0.6404261822682701,1.79176926324419,0.7409487132570245,0.446359660245876,-1.0389340129993148,0.6101408784383342,-1.021757979185533,-0.4771032341846565,-3.5601896942511866,0.12793325030685998,0.2657896693629269,-1.1544628565095327,0.029639129788164624,1.4761487453444944,2.435034426823775,-1.4862480515302594,-1.5220995086715243,-1.6362187430672719,0.37943399007010936,0.050056045324455956,-1.402576967983542,-0.1981933733689646,-2.5696901366172447,0.7743186057397262,-1.9054401429205214,-0.21310058572986207,-1.0174596770145514
Subject_014,-0.6641060293697498,0.43662094427274,0.7479177930526739,-2.5704882820912127,-0.35937466420785397,-1.4357708700151044,-4.835323770338112,-1.575782768800228,0.15014575397467556,-1.3405129727206702,0.02459164790443008,0.6570009601574687,-2.234980275139372,-0.6300322604851675,1.909522196181505,1.5272237113748133,0.41925283232478083,-0.002606777193825821,0.2648269975404597,-0.5750866114460896,-2.9585940293387045,-0.7874352792624653,-0.9870816004169068,-1.959836309340933,-0.7792370461972289,2.373158006026742,-0.29928531370241124,-0.6203775520149251,-1.1586133294961434,-3.255131254917244,0.2627018372897454,-0.11664469608764216,-0.5483286136165314,-0.7410591848388554,5.0865462605423515,-2.4872731260092644,-1.0100819664275624,-3.2023514782309683,-0.4396866646326199,0.462553256833638,0.8296549838779166,-0.7972406225935558,-0.9872545440725073,1.1050747168248356,-1.0004753800072126,0.2554175849428967,-1.606328593183777,-1.411773625656317,-0.14827557811920744,3.457833457827765
Subject_015,0.39094056944498856,-0.4436527796704126,-1.7265878586286822,0.8946128372780526,-0.8078997521505709,0.001048326861234683,1.7076211977206042,-0.40900787764386526,-0.8578724831341342,0.6391513551124754,-0.609193310637999,0.03822744512302112,0.10191132609448839,1.4069213510649345,-1.5637388609571814,-0.27638225406160954,-0.9130436256122545,0.02108245695510938,-0.1150281866942342,-0.34492283580481664,1.788180184122421,0.337958683109121,0.15590909372469408,0.4897509927180879,-0.16849795966641173,-1.3457258996037247,-0.06927370550832945,0.10278059799037484,-0.6727099648041117,0.7530197063117062,0.564683262625645,-0.7085891910223944,-1.1438475071227066,-0.416333641430084,-1.1122793281280674,-0.17148227877853495,1.297756747297058,1.5325308090890288,0.6157793996456509,-1.1533615196771372,-0.44115282358685043,0.3106299430867233,0.08303622703344682,-1.361075359436593,0.8898885674096968,-0.57476015673196,2.1465254985635043,-0.04247689321737891,-0.24605384233725328,-1.9555700158395846
Subject_016,-1.0022127530319027,-1.5741872583088843,-3.494290104889195,-0.5554758615492207,-0.9457337896496719,0.3715754041667615,-0.15356608300693536,-2.589284347003989,-1.303533967806183,-0.5959357845538177,-0.4230142810999663,-0.8330891893138231,-0.06480125363018296,1.3520247350323844,-2.301302284940499,0.5014160039066122,-1.1691450611083538,0.564378481363437,-0.964378605943592,-2.315068963700373,-1.3745553346151098,-0.7552475023743954,-0.20883308877433543,1.185460446430054,-0.2473186161784382,-0.2748186165861826,1.1271428480254586,-0.9461212099679691,0.27530696519223574,-0.9688820052933458,0.32011659383405866,-3.2095860571033263,-3.871962529365253,1.474513285567692,0.7446894717952129,1.7091249857157857,0.5110470152346762,0.33490841848166214,-2.238317610729563,-0.26829962384441275,-1.2828858507796428,1.2495133114774468,-0.0936513384086885,0.37816970566966557,1.653596734041793,-0.647513210636875,1.0757835105449705,-2.702306463232957,-1.4892773282379772,-1.8680079528535787
Subject_017,1.4658816309756948,0.738664524537013,0.989837550888738,0.9388796582142547,-0.5125497342528065,1.0844131703543565,1.4769290942420037,1.2308773137968052,-0.9950328594027359,1.2428638120946363,-0.47059043878026063,-0.4490171678389,0.2709183318583521,1.0097723533479104,1.0618289120958895,-0.579232722518726,0.023926488809252078,-0.931131616504636,0.461380339647952,-0.03387966157440428,2.1689457677901336,0.16865141669483066,0.6516897085761817,-0.09615919616351848,0.8481701098955295,-0.07580397888809055,-0.08389582440613813,-0.09105122701220798,0.5722906458602177,-0.2358706359222838,-0.4152749596297381,-0.32800603929630684,2.7133965555509567,-0.2348168350610801,-1.6621776745422558,0.38648954680147496,-0.4883863165925866,0.668939723169061,-0.09222357128777406,-0.8945416294016371,-0.4662155407206892,-0.15152420490234741,0.4468609204680303,-1.054891583024696,-0.739558035035178,-1.7480529756015832,0.11964117992656785,-0.27119828362741233,0.8162374873978308,-0.561557728097043
Subject_018,0.4044820164105583,-3.6848872629763743,-4.022329851574199,-1.778521090307965,-1.7399806346566402,0.6957535178536582,0.00987995669971617,-5.291039816423856,-3.318412812130126,0.062183927129072836,-0.37681181752702986,-0.05060760080053672,0.5498325694589518,0.7109100102939228,-3.5094238717958315,0.32949096686475854,-1.7738363785365439,2.4676303759909537,-1.3577954356349131,-4.003469702908547,-2.3930203035979636,-1.2991433422395549,0.5940487776444734,0.8092648519820264,-0.2894726776333512,0.11267372915206966,-0.04718337071725748,-1.0932076309471102,-1.5202272398165073,0.3870087048359955,0.04323711145729872,-5.182444049268853,-5.562295336468852,2.1959834374822265,1.0845059886676407,2.1591522940481958,0.797066125456021,0.2904811583737552,-2.159813818943552,-1.306186270713885,-3.384903063528351,1.6365045673100276,1.0793522228196615,-0.7658674307126461,2.558196221847567,0.06359029509299205,2.7606419993973006,-3.6809449710037834,-0.9983769292237673,-1.7601333844496574
Subject_019,-2.685542888007114,-1.7551704095966771,-2.080131852368926,-3.3465346086482337,-0.07126470436208233,-1.7472532634087812,-5.677780295299534,-4.507853327167115,-0.3229646633695614,-1.8926419131471122,-0.9806510367958257,2.1718117624858935,-2.183897728748906,-0.11444912648777597,-0.7381225145382277,1.6242336385609981,0.1666144572371947,1.2458251710851338,-1.1361616549000528,-0.1393416313837743,-6.170785958051411,-2.7701696806871268,-0.03457190879787442,-0.8756911500213931,-2.0004535322382218,1.9284236142264133,-0.3110389491009161,-1.4763506539286004,-1.9702013695428793,-3.340560454979877,1.417881229525343,-3.187383474112851,-3.5117031357812407,2.159369175541206,6.167156083448595,-1.6602574939893842,-1.637566335076749,-4.704592168305651,-1.874870964141523,-0.5348577767067519,-0.7036267943278481,1.2296400767708484,0.03270245866351462,1.5972244121391546,1.8092433749266679,2.619829925214303,-1.1934880503985976,-2.129175766248309,-1.3763469837313442,2.049040364976972
Subject_020,0.42182592563975907,-2.765352379189827,-3.1101342954534146,0.15948598276951198,-1.913085600400778,1.05705466312501,2.980472140167472,-1.8375386542988976,-1.0823980840387546,0.4422896703878637,-0.26677382170694386,-1.0427183991051394,1.3236939457012125,2.3281786318889908,-2.086280098544229,-0.1424392030547149,-1.8556272747032698,1.087425972543544,-2.4061388323030695,-3.5500430194041805,-0.9629952968914927,0.7463134180836203,0.46018333157081204,1.3827210652023152,1.4350338682524086,-0.05272853552690612,1.146706271202293,-1.7037174731932696,1.0856680960465004,0.47044481727776893,-0.2146275929172359,-4.036273584590184,-3.500082958372337,0.9203951961790205,0.13529496161392873,0.3474402608711682,1.9101623824829002,2.942817931437044,-0.7521716874331545,-2.204587505423825,-1.7652517703280184,0.9313548209620318,0.3441508431866943,-1.6550718139882559,0.6609057289558858,-1.8250395668490556,1.7900748528575305,-2.3677110410304696,-1.0365844916486875,-3.11135499811381
Subject_021,0.00544075434149538,-3.2102140267572383,-4.9635592834382285,-0.8906842019839649,-1.833695530489558,1.3012826475586854,1.7899564458489965,-4.261217053224131,-2.297732337501852,-0.0543903932607179,-1.9775928674912455,-2.3679234136187866,0.8016560135756483,1.9437079814510119,-4.082414338989981,0.37619076515567446,-2.722568601040103,0.7796454333319716,-2.9885146464139942,-5.026362227397503,-1.6429892051518158,-0.4906821122876708,-0.07994283857500128,1.2976115619552726,0.42642416316268883,-0.9524218647232185,1.1585069643554375,-0.998319090095725,-0.8466001560945287,0.36685364050500324,-0.10190612660388587,-5.992528351329402,-5.763617643308838,2.5535890963958066,0.2154004102828856,3.0665736403169377,2.563459555973883,2.432712748086255,-2.485652210065222,-1.4113668992017196,-3.370615607684506,2.746172716815281,0.8802841651730944,-1.3971470203682994,2.463822900040719,-1.9052312707386763,3.892370743594069,-3.994532278164731,-0.3783458832032359,-4.0338724664624515
Subject_022,3.1657666523258228,0.9874577462922123,-1.922351053479517,3.3811409843039977,-3.5422705879265304,0.43940695396054197,4.925124862420512,-0.046393291345204535,-2.0321320398645075,1.5167982836467877,-1.5465276089804108,-3.149147058759313,1.4120365146079639,4.625998271110408,0.47748422278335484,-1.603338451202917,-1.477838747842141,-0.6949023677270287,-1.306194670562921,-3.152965784710608,4.208477055416264,-0.10328972222409591,2.430647157111679,1.566647498991987,3.058173277309247,0.46330509914827644,1.310654256568257,-2.639128715355775,0.6856394475409253,-0.46567237104788395,-0.9238159626862708,-4.202586507166837,0.26455259305457646,-0.570051394208105,-2.9943581117501585,-0.8355607055917393,2.884596954760626,6.2410192812340215,-2.226564660803436,-1.8931436349283959,-2.7229303687824213,1.2022253350488514,0.4173009942535511,-1.4044627990112213,-0.6670745148464203,-5.84495694848365,1.444307103818074,-3.4485212743894396,-0.27996623473677007,-3.1125708785699358
Subject_023,0.5356702619497633,-1.306971072919108,-0.6737125986901668,0.7083902861610061,-0.961281720883427,1.1578691521647864,1.8520641646872549,-0.22629935190845948,-1.0982795476323841,0.536274148458002,0.08390240634555202,-2.1660092649335567,1.1649080986735338,1.7405595637192754,-0.9708226972897441,-0.44641063498634326,-0.9052907081953264,0.24579208425745397,-0.5397868270149604,-1.2548751815845973,1.2774963175038894,1.011615509964354,1.0578453659683824,1.1786160196524245,-0.016714195835452084,-0.6719062746152108,0.3903467838017355,-0.8904439064425456,0.21284721349053956,-0.16934789292616226,-0.06770437834679688,-1.8913476224084307,-1.4264691100174767,0.2843542973641657,-1.901593610046751,1.1534761921821515,0.9449798353419165,2.2695469889904594,-0.9772408468843661,-0.9155140607104151,-1.4048680284428698,0.5062534979407667,0.209043456904706,-1.152300428650755,0.09612245133543548,-0.6762111297461761,1.0253014182992652,-1.3442114079916134,1.5596202064956421,-1.632703158526514
Subject_024,0.6309492791146175,2.073208747313774,1.2915141753288326,2.4138417807109622,-0.2678292539195377,-0.0194565583614818,2.9354018892410663,2.459935315614778,0.6280940650185466,0.897920958499173,-0.1730656224706812,-0.5368028588866767,1.014200586431487,0.4582491140003624,2.2226673537180153,-0.10324648835165551,-0.18529353826999745,-0.832849671067442,0.7653434217490582,0.5130812932963398,2.981451668675514,0.8993915527037071,0.421072085329309,0.6475049711952119,0.820294529502984,0.029916477707433276,0.46990005950711033,0.41751708001043114,0.14162888890999636,1.328654883174685,-0.4859778925009951,1.5566746124465303,2.675552969056374,-1.5620094865620935,-1.9088036873281742,0.31729392269820705,0.5381144098098722,2.118845415079979,1.0166252308708033,0.207025747623265,0.09943934214833812,-0.5008247065424414,-0.36299376116867216,-0.37370829611467643,-1.378929540846962,-1.583591935079739,-0.8066331583343685,1.2014932897103172,0.009761815877555535,-0.5516921263964896
Subject_025,2.155201322761865,-1.971279685182112,-2.68399958749219,0.018060126779245123,-4.644244988619053,0.6969594049281516,2.765680933701173,-3.5606560736628166,-3.5292639116448123,0.8778511579819577,-2.120589343869584,-3.9030444752519977,1.085931717750473,4.45207387473512,-1.6649487109438188,-0.5894389511301595,-2.6682912716332803,1.040965588804756,-4.018323444343967,-5.628717029116846,0.5492584978275286,-1.4704866513370336,2.204930997732633,1.2429287203715031,1.5213398783190557,0.3432473107377719,0.1707107609316274,-2.8281041103950826,-0.2252870600644291,-2.227650499185397,-0.510482749313167,-8.385006515415439,-2.6527750320597274,0.7604385170355455,-1.3803069764043108,0.6682683141458877,2.3508165752716863,5.830530808923449,-3.8253629616385987,-2.5847686484678105,-4.844297789683607,2.282367884668184,0.23365874963883182,-2.0389258856783155,0.44588244276934674,-4.748637689425257,3.6193915884790657,-5.363397560301839,-0.7110199187372565,-3.66834365823408
Subject_026,0.1437782577878295,-3.657616736249791,-3.91496688771629,-1.401360871749576,-0.8326126473273696,1.6965273860859988,2.088080735245121,-1.36526195207399,-0.9114276140892155,-0.5341668613008219,-0.43222485052039183,-0.6978292762296725,1.231520620789833,0.09089158834487104,-4.036889137317099,-0.441970650368735,0.057508883547047196,0.9516433037169933,-0.45181720261428293,-3.277241769427694,0.6039886501109993,1.7729360962805016,-0.4758543652940985,1.605627910519542,-0.0902519328017265,-2.1507927590717815,-0.22880711618612518,0.7161236894071139,1.0689204094130147,2.748166321558164,0.33646782844278605,-2.5826212761101477,-5.184390936842972,2.1007814013673305,-1.7789882534270376,2.9171715285325233,2.1666173100361235,1.167526040739071,-0.9582639037827134,0.43775018474072663,-2.0225664049715313,0.9997034275257057,1.286076005086428,-1.0696017694425652,2.37866598097808,0.8697330506351441,3.296034386685596,-0.10019641836027404,-0.09848250612242704,-2.632531133663369
Subject_027,3.8547514058521615,5.274743162705855,6.622081924368173,5.480859482892588,0.5310276614722753,0.34226494580951317,4.190651688654598,7.304540190504082,1.6633204991643604,1.8265954807731464,1.0033576504975155,-1.1771540704635803,0.21530108508634999,-0.39895016173304804,4.958157922598126,-1.5533403026638615,0.571077485097002,-4.041918185382083,2.957064267004898,5.373897535543391,7.558213716894896,3.009339859516582,1.3075158155338218,0.5504116532705847,1.44185703161591,-0.808762420898435,-0.5345858402983824,1.572733760523072,1.8299763265778917,1.060796748054164,-2.1720738539539424,7.095174195259901,10.473306446737167,-3.892165996811142,-6.130023396759607,-1.240896462015471,0.03147683156430825,3.724760247349766,2.6099651790879848,2.0266310437015025,2.3754291984797598,-1.4159510515421319,-0.9698176877976217,0.3843752548604442,-4.932490629296138,-2.9803614217663146,-2.164589609360632,3.6985832021865703,1.4976267115196449,0.5546742435697355
Subject_028,2.654673451850856,-0.5506712459927317,-3.0354287451606026,0.2252599903748877,-5.710698016091923,-1.6913031331514883,2.8407148842814918,-5.035589513969203,-3.396327049519424,0.903597440783109,-3.02625672757351,-5.680498125996979,-0.9524946451005196,6.186043083427305,-0.13710829358840726,-0.4467008469337368,-4.181200838863397,0.3738601689271696,-5.571023442222988,-6.685104205122528,-0.5877691406404104,-2.4142296961088134,3.1764722465115183,1.5621568351033934,2.790075065296285,3.0032966777257744,1.0844581895365797,-3.9102713747562556,0.06228632140202928,-3.76662732090814,-0.7525213322479382,-10.678847517518117,-3.452570193360841,0.2100544882749421,0.05668428184606347,-1.1042797962083253,3.07082923588968,5.6538659816625625,-5.426715242376515,-4.496923559389432,-5.995671706727645,1.6845845988744395,0.8728148113904609,-1.907963212060693,-0.31316659900854826,-7.468218323822944,2.6285566807360343,-7.466948896167749,-3.3154342261346086,-3.3182438044390876
Subject_029,1.1031172549931307,0.35131393170079445,-0.5700434656122982,1.7977909395166933,-2.2023550608035,0.35297795679722854,3.1902437504037233,0.7922392647760739,-1.4060991377530212,0.6348615484393522,-0.6804785276845613,-1.2840557145048535,0.03165315242989253,1.2706700066418162,1.4635181255884808,-0.6262874671979294,-2.3188438694742213,-0.6459080729833213,-2.1734169834219976,-1.1601167481561219,2.971236344959153,-0.014006752739267825,0.7930920468819578,1.5011559467536364,0.3306018244696789,-0.8607001137828496,0.30023746247479044,-0.9241820185379515,0.4310847814380767,-0.5834825795033948,-0.46654626122570997,-1.8965810665451661,0.9457661412841057,-0.3964424997820711,-2.378315225196267,-0.4304076066461047,1.568125365262716,3.4035383405652753,-0.6975067830751603,-0.34029969188469067,-1.8952850721876995,0.877916964783802,0.9481745513112366,-0.6732424361549831,-1.148758518979983,-4.149852863913969,1.4715964061129974,-1.1370549433113162,-0.5230474324057707,-1.1153333406497146
Subject_030,2.4994805212105344,0.28500560144682513,-0.556139707267741,0.21325275698827573,-4.547288141945432,-0.282889349478868,1.7929504437129722,-2.059894290821213,-1.8545406026602516,0.7088467424351577,-3.9561628422472506,-4.932086898304208,0.2171748534847547,3.9386910045487875,0.9163366510987011,0.12985043562679427,-2.3831241992782815,-0.4301030752780658,-3.5578775927379356,-4.384949124066773,0.7064437431826669,-1.7620415803488538,3.4928781242343403,0.06237803784434853,2.487994209533554,2.8513816917913384,0.8125419807768715,-2.684294551967049,-0.17483571488953498,-3.0916232487341686,-0.8594071644128164,-6.980831481221458,-0.6124933915724566,-0.6116339526929581,0.2217552669413143,-1.035127835622193,2.0581155573009573,5.40267760912545,-4.429519347841029,-3.4927909544847315,-3.6143821713924775,1.045798156096457,0.5028129550297837,-2.692502741578293,-1.9480206150938069,-6.062923756207471,1.0563266463374683,-4.777431446423225,-1.9797674687844224,-1.9468679977328842
Subject_031,1.8868277086615461,-2.7473207363189287,-5.220909343218791,2.365570054613571,-2.7773620106650325,3.4638958687996566,9.092524333355959,0.24033785695318544,-3.2432541148634844,0.024389897523858006,-0.2581414114630182,-4.821521202399281,3.4671174417846022,2.4483073022056825,-4.539326259109844,-1.8258456631267592,-3.8451882729654736,0.21681358700494885,-2.258021695141511,-4.743611066681946,7.009439766667545,2.355065790130183,0.3555392597363528,4.3309181371474805,2.0366000365433057,-4.077743611219584,1.0425258124854544,0.2252517849805751,1.8373825999447924,3.3863178043643662,-2.265927979867258,-4.56518323884534,-2.8558035434212092,1.1757443830840675,-7.393476640849247,5.40634421615449,3.110384842482164,8.08863504279952,-0.566551823740385,-0.1319364387294535,-3.9262237430135767,1.048568466778365,0.3313321805831657,-2.4473404161663694,2.700177712080469,-4.0494343084688245,7.220095117540532,-1.6172547295258022,-0.07789423136366225,-6.83853648028138
Subject_032,-0.41785294682315105,0.8225075386940264,1.4964790271611272,2.848087126276768,2.3672485238037093,2.701309135488023,4.6453120619445665,5.396991600804448,1.7725663529952134,0.862520740834993,2.465318457936608,1.8583936069154574,2.0103399423671897,-2.5264893142263256,-0.24349937339400085,-1.103992346857353,1.3168297852309967,-0.2562927853463617,3.024900990367067,4.281179985788945,6.11888781618274,3.2784147730494664,-2.107258062021405,1.4683224535974377,-0.7716542644646878,-4.890301646573669,-0.8264303985636329,3.482632638771598,2.545932858253268,5.354356379362883,-1.336703851004217,7.437442756319039,2.995523116399285,-1.0589724171666526,-5.755457046219475,2.1029881512061093,-0.8179407181921793,0.8602956088902047,4.288492122014965,2.7757781241365937,3.254327790739616,-1.0175917608030303,0.08754882409817735,-1.5871447853315181,0.8506974134161718,1.300586401399976,0.7642690330838184,4.832096357448227,1.92367282263008,0.08758287125398811
Subject_033,0.01916102934898295,0.3806215912977709,-0.3608165451686645,0.7594915250743717,-0.07060865321018191,-0.02059351334033588,2.0377392572123183,0.19189709320779147,-0.511482616688075,0.7174837759118102,0.25397621586568253,-1.2282457113864869,1.2355576036169353,0.11878764212702961,-0.9665993369078646,-0.012187266662993135,-0.4149873755144409,-0.6577884506182456,1.0110873863557048,-0.19232511041888917,1.7895063309300192,0.678624857001495,0.4929720202961949,0.6009655151036629,-0.5265229255013877,-1.4124561294764806,0.7230230643435713,0.8285214357540004,0.37737573581114875,1.877942456617835,0.19353150122782697,-0.0384952740568828,-0.028760040312964634,0.08759857568052937,-2.2997672127021622,0.9258195870151497,0.6190122210595083,0.6253373347620556,0.187983737822719,-0.010892557476103154,0.21621605769827218,-0.9062167789612056,-0.0574011627437466,-0.8488271985032511,0.7936697754941018,-0.6650012875654112,1.7867080631793586,0.653831822307233,0.17250714886638235,-1.0407320742837847
Subject_034,0.012739298231897067,-2.005201764890717,-4.173195145948912,-1.3529315973535445,-1.6047206994714411,0.9427558157681362,-0.2046688900606286,-2.461107476865833,-1.832978216194524,-1.202713696883032,-2.6073474997443142,-2.2616942992425626,0.5957099462441541,1.687338534813539,-2.174067243548163,-0.13968468313821647,-2.0356321143312233,0.9801169843816897,-2.2732591260520674,-3.723988259082512,-1.6213726044338068,-0.04619993831357033,-0.0447525082912798,0.4330973978203096,0.03280032256107668,0.5373054375767127,0.2776432099601046,-1.5546510676801784,-0.036822467763053646,0.7673421015912522,-0.008162907268949249,-4.686060597548683,-3.5872539382503215,1.3246519588197945,0.7259503463735475,0.7350986882663331,1.3091774468464235,1.2308757154940677,-2.204444620484745,-1.817519305392037,-2.6979975081443874,1.7368130553980308,0.5476564308111422,-1.6915529639525209,1.4517123391304487,-1.8338879347228723,2.5805611171094904,-2.7800369447980304,-0.7729845946697873,-2.649614664807377
Subject_035,2.557087621095418,0.35288681314314363,-0.7740818862003122,3.128021143428448,-1.2996044141816077,1.3276433208249614,4.639604839260836,1.85364791317549,-1.5453639340304846,1.2992570376158037,-0.9874450655328153,-2.8165854807953328,0.26537171517973257,1.8598310518394883,-0.15073592243481188,-1.0971655840682826,-0.8841442743405298,-1.1830849760008573,-0.9464576876521966,-1.7604142154050355,4.303311378925294,1.753210762867993,1.885779434765317,1.4626745529674925,1.2505136481326704,-1.616636386065463,1.1649771797435144,0.32211413141496137,1.0705151245633449,0.27426740559411356,-1.470518699461194,-1.5271641277763186,1.5319585925063668,-1.851834291280465,-4.632449265299347,1.7130003863122432,1.6969588545342846,6.002515583365787,-0.01187356706645365,-1.3420191203285687,-1.9742979036430195,0.0475025689753831,-0.16370070730097686,-2.1316750467407015,0.009144654683040931,-4.5601216485399245,2.084546861578027,-1.1238350827518868,0.17402830997922722,-2.418092409451151
Subject_036,4.207789747718412,1.3943279892184164,-1.4795881086503169,4.381832471683808,-5.275414701545509,0.7338228044787316,7.9015602735602855,1.1508022778356926,-3.318591712931419,1.0489230986357851,-2.3981116415032817,-5.29897881818424,0.9413278869460386,4.5443355660786,0.4077394819395147,-1.3995478887898107,-3.332496199712431,-0.8277186905718267,-2.3563272387917538,-4.317838914168896,6.682511914106839,0.6044031891344357,2.445063248315241,2.8971504735764664,3.8761514142911357,-0.43534174828596456,1.3665053168295043,-2.210488931924755,1.6044772046666531,-0.025761784794115127,-0.8860415443172712,-5.07483829735265,1.6786502032094996,-0.7891508318727508,-6.428406473988381,0.1148839877358745,4.720780193561991,8.754144213524556,-1.6771779179344461,-2.123230677741063,-3.887923512562892,0.43018497654170373,0.48839980837393876,-2.830088485401224,-2.347952374712685,-6.951043067210818,2.250710125337676,-2.8772715626952614,-0.6002022923275959,-4.551168639848834
Subject_037,6.373875215886437,3.118106815406784,2.283034256744386,5.5409874462069055,-5.096495719400409,-0.6761318682199904,7.718002447864978,1.4903533214651845,-2.0819698695929025,2.0146463004091655,-2.8119747701674727,-6.819783281272696,1.2065623240088776,5.7894314594216425,2.8254803270430373,-1.0153923181495517,-5.174506147562403,-2.033233918394369,-2.2422262989508117,-2.7195452308447052,8.585085962135937,-0.1359336519371231,4.2589995071996345,2.5622389224267392,4.432886613089179,0.16508192934302235,1.8550893226263492,-3.1717972950682274,2.049162387797767,-1.6064843601526468,-2.126443649413199,-4.5588613945636665,5.718684621616724,-2.3694394767871274,-8.0327713868747,-1.682790808571298,4.386410453569103,11.840752740904257,-1.5602400803207523,-3.5395333482689586,-3.622345120320533,0.9822508051662487,0.46932947159894245,-2.63103841512859,-4.329733147393196,-12.385131621152656,-0.04418604484933364,-3.5673499979959518,-0.8214837662042448,-3.754977237607494
Subject_038,3.530614803606931,-3.2218272965092574,-4.456594851524192,2.1778411084831926,-4.0793794557869605,1.9649938815441792,7.872182165526525,-1.8966269836462313,-4.587248688414848,1.295845186642472,-2.0357766153159713,-4.8282076232163345,3.688153596201027,3.9669155094390107,-3.2924434144559602,-1.3855977185370738,-4.061846707666452,0.5861209577614922,-3.7672786193895975,-5.817625457720197,4.059476355802395,0.4595215350771181,1.415971735160584,3.219234996449421,1.9462884693715825,-1.2811667646906035,1.0263819056310823,-2.2261212240950856,1.3208163845808565,0.7549758294850514,-0.7083076183813387,-8.633496266205512,-3.128861754072915,0.5180230214943364,-5.054791264888854,3.0808238760179476,3.896764787432318,9.147421905877092,-3.294275847106796,-2.465542289040657,-5.804848221502256,2.3188997008820635,1.1608817299968501,-2.32372371873549,0.4910061542596772,-7.563975809603144,4.596153064427557,-5.596787368377498,-1.5639272320462831,-5.912044445941031
Subject_039,0.9294220316079363,-0.4215892991122605,-0.9014813352075631,0.058498265179623254,-0.5827715501606926,-0.38746778626101636,0.4210325171285516,-0.46590639633408915,-1.0260717230894638,1.2456827589932855,-1.0924047240085273,-1.0333808878526378,0.7749672621170691,1.213488939115523,-0.535800581329219,0.27385261496819935,-0.7904553245738013,-0.6343715244408641,-1.6515724177907236,-2.893403665688241,0.7855740932728537,-0.40282816309101865,0.7130659155348386,-0.4025090572030475,0.1950934927839576,0.18026496983761076,-0.01350269649668312,-0.7908016490728844,0.3033927111154569,0.48519285189333905,-0.32430706880134214,-1.9017710325120736,-0.9244548677897348,-0.7602704577576325,-0.6963337096425064,-0.7682848131585369,0.9665186685513674,1.5768911909111676,-1.9839327145530217,-0.10545817310879757,-1.714380779067941,-0.3600204277154019,0.668053734376118,-0.9212902867245003,0.35819849244954266,-2.311740612487111,0.44805152330289183,-1.4723779874627532,-0.20152901842882215,-0.660669591448612
