subject_id,Gene_000,Gene_001,Gene_002,Gene_003,Gene_004,Gene_005,Gene_006,Gene_007,Gene_008,Gene_009,Gene_010,Gene_011,Gene_012,Gene_013,Gene_014,Gene_015,Gene_016,Gene_017,Gene_018,Gene_019,Gene_020,Gene_021,Gene_022,Gene_023,Gene_024,Gene_025,Gene_026,Gene_027,Gene_028,Gene_029,Gene_030,Gene_031,Gene_032,Gene_033,Gene_034,Gene_035,Gene_036,Gene_037,Gene_038,Gene_039,Gene_040,Gene_041,Gene_042,Gene_043,Gene_044,Gene_045,Gene_046,Gene_047,Gene_048,Gene_049,Gene_050,Gene_051,Gene_052,Gene_053,Gene_054,Gene_055,Gene_056,Gene_057,Gene_058,Gene_059
Subject_000,1.1791530889400776,1.3301931874833997,-0.002993504506185296,0.9788657854866786,-0.4992096946403586,-1.0206396766215013,-1.69817791977618,-0.6828572616417179,-1.3047464391147519,-1.2953964788274885,1.441272145144069,-0.27868581529498576,-0.7326912818275502,-3.4724773685347143,-1.7028355705028013,-1.1413023216733893,0.9247253159398312,2.272885099769506,-0.23758159899938192,-0.38650644374686305,-2.8342729847559323,2.6383644342566708,-0.6177261795096263,-0.7877710297877781,3.1349322676426925,-1.3190429035639604,0.00034255280235747504,1.5677055161200075,-2.368194794626327,0.704983751959623,-0.6300322718070279,-0.8108174273881422,-2.5742802794982653,4.751618685372606,0.8487483303199559,-0.15086829947900343,-0.3988771601935819,1.3119601577735036,0.9918251480079141,-0.0589899360520697,-2.5676230002020604,1.8063246352807567,-1.1175897346956942,-1.8199711375079755,0.29847043003375423,1.9983414413813219,-0.2514957350298872,-0.8308294426250538,-0.17377997753421526,-1.6334698930317155,-2.1140240104327077,1.0110541926087042,-0.8382454326799709,-1.0660687997936835,-0.15984850653555888,2.4480042437399567,-0.37577785156974836,-1.6063048311459376,-0.16635976163505037,0.7695232836160075
Subject_001,-0.9555542352820806,-2.00353756151413,-0.3694494740975985,-0.716037865830888,2.4136564162077256,-0.7842640840632384,2.471675301690898,1.8181625331623867,2.3824314343050306,0.9104905329901423,-2.1809630709639545,2.053644135870371,1.1779543329230027,2.500867387303221,0.7756430709091866,-0.9659636348243817,-0.16511507475053178,-2.8017275842402087,0.15226892787115606,0.8838476172023271,1.449941414587148,-1.1787523846783392,-0.9557591667055233,0.5706340431254076,-1.483779478611575,0.12467393200933666,-3.8156645623026804,-2.180365572073549,2.441667368389631,-0.6079614113871086,2.2822077196823005,0.42164205007939515,-0.19294376372231709,-2.494185889869606,1.007052899620946,0.7912534289389835,3.843767624196724,-0.47643254743253877,1.7214504895042897,2.232450182818299,1.8046071567661177,0.48310145704691004,2.5455076886812003,2.934122529905738,-3.317553801527306,1.2028197963027956,1.554989554700323,-2.1437642608979735,-4.952660459415281,2.1088153070985136,1.2943638823464343,-0.7874233720681567,-2.9020252907794934,1.5169429087246202,0.1456765377950445,-1.67572627197851,-1.5070094791287043,1.0733117576004017,-1.2432818699114216,1.3938340529557367
Subject_002,0.8778573902649899,1.6691370926852107,0.045353860255354095,-0.5305359181908388,-3.06139217638366,0.6799637195556778,0.3408720311748942,-0.7457371491821254,-1.2497342209058886,-0.16104095488658549,-0.36766922956569886,-1.2024579812626208,-0.06412005092723239,1.3193520895074624,1.5207058491338814,1.4942440800621277,0.13664543412709632,0.05359312112711889,1.4891582574813145,0.3735292534460651,-0.4547204811616167,-1.7921392399500073,1.7255587911477785,-0.7830736766344495,-0.11095496132249294,-0.5840059246395299,3.5834600445312605,2.142126379946672,-1.1693127660396625,0.4994485213216981,-1.9312185123260042,-0.8844460029128183,1.4369465148874128,-0.8324341687605361,-1.688667320758881,-0.18837017111022875,-2.2405323367641623,0.07654318181983188,-4.026317841480843,-0.6575434553299229,-0.16842811025363136,-1.913839012166736,-0.8455813285700364,-2.0282574281397316,2.053115515360743,-2.3035179212874923,-1.4268034552237132,2.5824301742852547,3.978928603799339,0.778765007596812,0.903757235427228,1.1538269603082707,3.6680563472182737,0.4525660776424174,0.5143261760605525,0.5743965733864165,0.12788929171111912,-1.7227739198517402,0.28728825939423575,-3.0313320859428887
Subject_003,-1.3890411724815082,-1.1826810385643096,-1.3128064404546824,-2.1564928080499777,0.6778423353412436,0.02719750134692811,2.6673336276491746,1.1630150002092121,2.5518236699605934,1.0349192707320956,-3.7266963007785456,0.7401859043475494,0.8606134744314006,2.14207646050974,1.0912921312885335,-0.19082243761353856,0.5478149513954292,-1.6063440110868208,-0.7692284428231764,0.3151388967118486,1.8748283296898383,-1.9504279217492524,-0.0014569346968489327,0.30693608132757755,-2.0871834177581965,2.9287441757253974,-2.3873494601567837,-3.010756958552503,2.688136877147807,-0.6422141881630387,0.3624893390598318,-0.17299436684881098,1.89331113868547,-4.1414100746857585,-1.2229921138432371,0.2728641180437974,1.8151470220197523,0.09838829701994056,1.43240455758926,-0.02665552675339944,2.1017365688164835,-1.3114612826320542,1.6814947383942533,2.271592815558963,-2.3971761353146435,-0.5724660897561787,2.220034145117185,-0.14868501935942705,-3.8133214179947883,1.2720292629215852,0.3704246114523152,-1.5694416331672032,-2.708600587587746,0.46636664068157996,-0.4215946260136865,-4.252437905808666,0.17411836985640244,2.505456454556319,-1.5770548142918879,2.1485701139806044
Subject_004,1.047150203144722,-0.3581998954763001,1.64292981872734,1.102647482680766,2.976044554420159,-0.011341756385599755,-2.452026056019498,0.5660472925423119,-2.0883149862673864,-1.8926811443603748,3.4089327048795512,2.2455854619127598,-1.1553009920610149,-4.058547208346438,-1.3200723287276754,-2.465593361912326,-0.5754249123826628,0.5133264654716323,1.0456540671046022,1.0950248289628246,-4.451311092384431,2.167853389431989,0.33502487892045374,0.5624189162691696,3.089673482452802,-2.763213296588303,-1.3335005076568256,-0.45766786321484426,-1.810065399847769,2.118371999316836,1.9948469566148277,1.1612725438071092,-1.2760498831670581,2.471717287035971,2.2164005640811095,0.5022251808977652,0.1438363606931371,0.825287119649799,1.010814130259191,-0.5288898140979941,-2.2866657318732004,1.827928980002166,0.6996583914146142,-1.1302106333714095,-0.6464204473728847,2.4664774914412284,-1.3821154319890305,-2.4350260865289535,-1.0851078309465514,-1.199221500969802,-0.47120639371780526,1.651282558371093,-0.9084593468489757,0.43678787677720177,0.6086695797227739,3.659350031227863,0.7394968910127054,-2.07585198667007,1.768454570415111,0.5128781505319965
Subject_005,0.45669020495003,-0.5359706676764557,1.2495186780989773,-0.5582106010289773,1.7482358630003658,0.7483971216926601,0.16160887748127728,1.4595398177370367,-0.3383575441496976,-0.29842841835161904,-0.028172415024881742,0.9193470020659079,0.09443534328397224,-0.028791015498975447,0.7444986502605545,-1.1019678006179117,-2.1693001165429027,-1.6207003172699685,0.8752198157467697,0.628323875297939,-0.04702730215279072,-1.2059159905141563,0.03399017295392026,0.901517077637786,0.48579956304732763,-1.7904138321327607,-1.6098353047519625,-0.22115934803129988,-0.6304329550730903,1.02632600937074,0.6121496754023565,1.0691485568055703,0.03866767622375222,-1.7982330504562136,0.5200036692988708,-0.11665348374673062,0.41748491942210075,0.2925968125207252,-1.227290332908433,-0.1426022444909424,1.3589321682591409,-0.20781436563013767,0.59262135184949,-0.802459590202173,-1.4551712203039675,1.2517089601571239,0.0650226945855548,0.07729911040371201,-1.3367451984452021,1.4121306851750965,1.1366215309417218,0.7480781212545166,1.033597653451294,0.97275297375625,1.0146096918210228,0.5818990537710478,0.15770622195513906,-0.7616517757357673,0.5822480924513732,-1.496040405320167
Subject_006,1.00368449976968,4.45816692142858,-1.1106945359927616,0.5342696317284696,-6.5684816947492894,-0.6028863905399602,-0.37776838758961184,-3.0045682666413907,-1.748191002447518,-0.9867139702900007,1.7825377165319356,-4.1046713857092625,0.04826119987213617,-0.6176373596773326,-0.7370010912815309,3.7047213203823004,1.7072047254731593,4.215323572095573,-1.368341143715364,-2.0696264196865624,1.2237912779799895,1.6046363352005346,0.3272082897854585,-2.9444340405069336,-0.04896277146367062,1.1929523035511067,6.746392977695869,4.156538816772813,-1.7180527819683618,-0.7544423331204344,-3.0000515197764823,-1.433285435561885,0.5720147129545077,4.525869576236448,-2.408970929996,-1.8089755917781025,-6.353659230098749,-0.20434766754185363,-1.312747231474473,-2.0812514290531023,-3.027781702928173,0.23027491662130858,-4.6544116200785055,-2.5122720574654576,5.584588804745802,-3.5813942047921423,-2.1764168449874997,4.490769485821955,6.516226902714532,-4.450306519293169,-1.9006854653598904,-0.7784100013611704,3.3211471023099985,-3.0721233276375943,-2.268130980815636,0.6502464820436362,1.7088463948110306,1.1345792619056991,-1.2997428195468954,-2.657993977597667
Subject_007,-0.7213767869944647,1.5935972926858262,-0.9175593280283291,0.3809437007855492,-4.033869373966654,-0.3912460252120946,0.35516416920145855,-2.2539070776047314,-0.17490990713971077,0.178468129203436,-0.28514569440928356,-2.7719300595385037,0.8858967196771732,-0.17211151619100473,-1.0061399099295318,2.6879909649352776,1.3089981484449185,1.7714583004988682,-1.400361867210293,-2.1622278116509284,1.7004996773225556,0.9791056109921783,-0.5412625174327956,-3.006835305720174,-2.2859359636759526,2.4683575924228345,3.9859321217436565,1.880962569754542,1.0856439233306125,-3.1996377524598136,-2.12157364410922,-0.8939276766189437,0.23809187806256205,0.9742775795816359,-2.4090182761484775,-1.592309412845442,-3.349000214332773,0.2716659781490046,0.589992532826904,-0.7813490358242534,-0.31783296695087293,-0.2867130129533552,-2.630594256467462,-0.9220287746963024,3.0845799853877947,-2.9110353098978154,0.8989472813266783,3.565450442107244,3.2984230170104443,-2.190870408654323,-0.8523230305231067,-1.182028177451655,1.694013268238,-2.230157647420577,-0.8648763716006701,-1.2460554731596534,0.9550404197969083,1.8181694925188416,-2.9024846884434083,-0.9068121809847067
Subject_008,-0.9699574797520242,0.5128193021015007,-0.732459182622451,-0.3452840055518503,-3.3219592775309286,0.44853166417770873,-0.0664126982471529,-1.0077981663308768,-0.10504109794784178,0.09265932121861338,-0.7208552172800999,-1.989818455854589,0.8842257448110074,1.7735305020021255,-0.2389172439020263,1.1381171524536913,0.5124193122896057,0.10812076196312118,-0.3357908404933697,-0.9496138943834747,2.0559199394243888,-0.6900570987318786,0.14889796490837814,-1.5875101335538808,-2.4804397174278017,1.6884095914813138,3.5117704156530127,1.0205897899883194,-0.9392150582831116,-2.354477306107446,-2.1801785959964386,-1.3823728434311422,1.4923542027769992,-1.227993505308363,-1.8138159991914165,-0.1296976084439766,-2.2474572913161244,-1.0345491792847001,-1.1636624984758952,-0.9084300113892266,0.6604367766648569,-1.3387275011138458,-1.8768890384368908,0.11690444906162112,1.6478458059842958,-1.9874808007757945,-0.7150996076275723,2.5038523147001146,2.8442056764476447,-1.1282896587549218,0.05397355887627947,-0.27198148813924106,2.2720500490558124,-1.5774247200915656,0.3720845160831097,-0.7801262612785519,1.313139003606767,1.0746769900400799,-0.07382315100650838,-2.569152340954813
Subject_009,-0.1095105096774091,-0.39386209160286484,0.6404309857434427,-0.4959827115773391,0.3605027054728684,2.1833916601112464,-0.5654124491554039,0.23691980796872214,-0.6054663457455138,-0.18879996752400896,-0.10569371113975487,0.37810399438692766,0.30142498837150394,2.6134994908234237,1.7228960019116715,0.6349879116895428,-1.412233391290631,-0.7725180414561702,1.985181028252926,0.6884509733864022,-0.06563520522036485,-1.2358383472405712,1.2808844132050865,0.9018279447324224,-0.559114277820496,-1.1646334556633986,0.9457432656042687,-0.7593496489502558,-0.7623632575075592,-1.6118237906115798,-1.4104383247937409,0.4575549641733083,1.707155715622716,-2.730413974327103,-0.5083729897644595,0.7606714446978979,-0.43310180306938406,0.7623929089333319,-2.3484431160593133,0.36848478672479357,2.343717047772428,-1.4603343865167884,0.20913883305144532,-1.0674193529408618,0.4432955925512392,-1.7237594269225833,-0.9650027365127083,1.249812197495406,1.8881177251355292,1.7479203690997638,0.9962664107582385,0.8522811283188707,2.618764828046289,0.7343640222679175,0.45029337405252945,-0.0023850894198739203,0.6809737052764987,-1.5717623158573792,0.7217275498839157,-1.4938791774235631
Subject_010,-1.1996310381835773,-0.14547204287392124,-1.7259793989151908,-1.1424437996677843,-3.350446316861169,-0.2115562069476663,1.8719063510050389,0.12620613996238692,1.6336451951254245,0.5490043567007163,-2.436083641543034,-0.5955701849958709,2.0562540068449295,3.84766860722595,0.9660151006658562,2.943817873875063,1.1656032846107187,-0.8636881596369108,-1.1060407756428778,-0.6950038413192632,4.262942028797248,-2.1343264481548387,0.4306446307107246,-0.43874487882146845,-3.6343939253848023,3.499837197915988,2.4418339516986376,-0.5297672071485803,2.626319341621196,-2.569506828281206,-1.9601259101847832,-0.848542069670195,1.9721919861506774,-3.776482963453999,-2.8232129870264218,-1.0109655096674708,-0.9045421616213942,-0.9478221253560349,-0.3581765632715902,0.632603886487569,1.440962665002311,-1.707047719160877,-1.4988081412440462,1.401155335523297,-0.14311553895549245,-4.016954544328545,-0.42376461073859417,3.0779538576268073,1.0932151406419297,-0.04787647915087623,1.3380197589537057,-1.771286963085192,0.17251108332904885,-1.239241030742862,-0.6907381958234171,-4.025774294077417,1.0530618924730675,2.565611970483954,-1.6991127300466937,-0.2306019519129503
Subject_011,0.745920818011111,-0.8461649413228259,2.3043150477065284,1.087643928986335,4.301032499796292,0.5843363580900527,-2.493813635126512,0.9694554931822448,-1.9246227716901918,-0.4548723985652141,1.6262171218360828,1.954042843377735,-1.1903706423969862,-0.9158851882341192,-0.8981130559396943,-2.3425788876544105,-1.2896660893938219,0.10727382310702502,1.8568941875706295,1.7612333032330147,-4.174161720280793,1.663137752361473,-0.5405959976023292,1.9899208492639522,2.874440162394219,-3.750718438022785,-3.613480961263922,-0.16865614791873457,-1.3640976916032952,2.8635627867827322,1.7675113320718567,1.3638994466948566,-1.8666822376117373,0.5864012373448172,2.0974793634658333,0.9743841644892035,2.628503222977966,2.137085844715791,-0.4475514417944522,0.7505960635223352,-0.04981056068852448,1.1908605736007891,3.0722692884045713,-0.6347962852671245,-1.7812066073299622,3.788103499393055,-1.0817177026035434,-4.084383894709908,-1.7300098624024884,1.7026445419292238,-0.3839744987981274,1.9814862312199,0.03338614675319623,2.211982558043156,0.5806841723398676,4.290762741561849,0.06626075481306826,-2.828249312573944,3.140615309472004,1.2430093579710086
Subject_012,0.13184573872221933,-2.4654646593205602,0.25169100243936904,-0.6707554672170899,3.757623809688713,0.1844965941849221,0.6554627031419461,1.909590913023866,2.174903390011837,0.9935976934672548,-0.5207992459425528,2.5400639299517103,-0.7353908891176428,-0.18161328262606596,0.08686388207153278,-2.378174393800588,-0.3442860445648004,-2.3734628932734845,0.2349943182444847,0.9244077820909458,0.036780247935885774,0.27237246975134854,-1.0901205246865835,1.97016602063433,0.487064736078455,-0.8094419392211218,-4.419649134937411,-3.7450833121085556,1.4096501799621972,-0.13852466846857503,2.6814366364458926,1.1653947455381508,-1.683117039761284,-0.5539261038934128,1.6937324484933576,1.9397823417578304,4.294012285074186,0.549365970729021,2.638433180986813,0.9104494289112914,1.9062238130128168,-0.2781685406248846,2.3969903681879012,2.6163157257418064,-4.292401577340701,3.657383323400855,2.440620076395992,-4.58469347671147,-5.55173370018194,2.3497718444271807,0.36476137278732584,-0.125324803533787,-3.8881710434395202,1.70015669286968,0.6197172029210696,-0.9407031105253034,-0.9441267674488897,1.3850756888406726,-1.0395475554698712,2.451807739601712
Subject_013,-0.6065553239109468,1.375568514028766,-0.7880557281753323,-0.3248332685358501,-3.6518366419657893,-1.3060428328931701,1.233102993935178,-0.36951182348415934,-0.41387878280196166,-0.21236491354830314,-0.23916005641226168,-2.7029744626475067,0.39921521394162734,-1.2733588429434708,-1.0309657117208613,0.668048532255132,0.8229877530004721,1.6399400156578308,-1.103437589280762,-0.9015200374340109,0.19697070231655245,1.2193915016155483,-0.6600761492580343,-1.135723394304661,-0.35119846420784695,0.8711327543367086,2.4561779411214286,1.6196655481188014,0.49394929497585843,-1.1196701845043286,-0.7262591669010648,-0.592153941977462,-0.1268690127994388,2.145629328761013,-0.22090017015263397,0.15441292444498378,-2.9121703563693835,-0.6124845160594046,0.9451617434516782,-1.088579811279025,-2.134278169781259,0.09632311701314053,-2.3794842199556623,-0.7230726557923419,1.7968171444960175,-1.9440918281244834,-0.8478075755779232,1.2211902576246727,3.550421100600305,-2.1599996349329476,-0.4062507068630452,-0.8404535658950292,0.3476179445280293,-1.9470473179656496,-2.213287161988303,-1.1162937260189028,-0.40542396799804936,-0.07954918805442723,-2.029268312664983,0.10058069598778752
Subject_014,-1.078282628302583,-0.9366988473690981,-1.541203405693603,-0.6677288469236011,0.03794029388612996,-1.846977661747713,3.178317829344678,1.1729671855012733,2.8449038424763526,1.3663034567067098,-2.3629854596034123,0.3352560592673116,0.26450862871796943,-0.9436845975031751,-1.510730840761156,-1.1137553922695476,0.967746196523902,-0.5934874001128483,-2.348977350106113,0.812308468366863,2.8562879693069405,1.1648540451014424,-0.769252285167978,0.31986923350329083,0.11080356631610416,2.6023226244489517,-3.7663344563824386,-4.500290577108855,3.362760138568131,-1.8274977433004302,2.6601728476057303,0.5211156886915641,-2.2527921791220678,0.8976893753024888,-0.10338411048807539,0.1901490375226132,3.013208080241793,0.4372456936333224,5.837803197178329,0.28608111770510014,-0.3388287359729902,1.8559578318656278,0.810753968735393,3.6369128639305455,-3.062955599681544,1.7103978913988913,2.536231237781005,-3.3417149014828724,-5.137612796386309,-1.1972550063075713,-0.2816148464908427,-1.861621499719974,-6.150795339272277,0.17140779038058163,-1.6737217500023194,-3.343168112556553,-0.8295598527344881,4.5448933249985854,-2.7291133664720517,4.103135432512388
Subject_015,1.147470356952283,0.18121382908243744,-0.8282014924579526,1.3590447680211832,-1.5638880294940747,-0.29533852472192434,-1.7406498754191748,-1.2145882465507551,0.023908582187672778,0.036606219266350104,1.5012067440012455,-1.3595309663655242,-0.2549964186499765,-2.731804592524472,-0.9431112960322074,0.8243366275980741,-0.07839766204572196,1.4071320772865246,-1.0976604051724492,-1.0782183493860775,-0.8408281126076238,0.11108732611222605,-0.008355637439603325,-0.6758184683189714,0.826228347230011,-1.2020221964503146,1.3400607561504556,2.257090059106667,-2.247077075000462,-0.07802793765651339,-1.6033141375015565,-0.004322987361559172,-0.9391115023851693,2.6718766737912083,0.003332218614801985,0.3299046886002981,-1.9878397673519586,0.29535400918593563,-0.8863982025191594,-0.03970873066014291,-2.0214408442877403,0.5008740091930822,-1.7202199233328475,-2.0299581344620323,1.8863002649103076,0.23866522809365343,-0.7322994984560693,-0.09538262509918438,2.0849420329051704,-1.3272444472623042,-1.8456080310484033,-0.22666561317822204,1.13952254249255,-0.7475636284938942,-0.3163399381747727,2.168719011360518,0.5213661414483033,-0.006326261768695662,1.0423321704324084,-0.7290730041749665
Subject_016,-0.36556485401420696,1.2800361007445602,-0.4255381967501641,0.20358019910233216,-2.8076993332188014,0.005434059506469913,0.2626447561001495,-1.2844459425912598,0.44500342312754826,-0.011986598510089548,0.29034602005492743,-0.9750454197650416,-0.24737600080608874,-1.3100604237367215,-0.4871454500000729,1.006260763020706,1.005348221083378,1.2271850916305267,-1.7393259073162275,-0.9823690278526458,0.30524345117352647,1.8442178072155344,-1.537876532936574,-0.7046544021599237,0.03765900801761771,1.5869900661257192,0.8644591430236921,1.3939589672448047,1.0762485001627196,-0.2385451530161261,-1.519865775887344,-0.39923265669788277,-0.5446622954047049,1.5425265846900138,-0.6891440726506107,-0.417952724096333,-1.2361880061718868,0.17710547366324822,1.3347868399939586,0.2503464746178961,-1.173221822108554,-0.43386359357081217,-2.2439196931869008,-0.16433948581318258,0.3942281616978428,-0.4676725344185513,0.6128148344632088,-0.21083064606075425,1.2096085723669128,-2.8439460261073783,-1.4780137127687685,-0.0018387823532917125,-1.0822288016021397,-1.025268374959541,-1.9691424500910415,0.5787345630130084,0.5761582817176629,1.1294028185698655,-1.2705335574754693,-0.32318861756928374
Subject_017,0.9344216984843952,0.807686605764849,-0.16231679644532832,0.4545327693438601,-1.7266912743329619,-0.240623066351979,-0.4759226761565674,-0.5855021954868457,-0.565073918573603,0.05353112353140638,0.7548978242967211,0.17104854924379986,-0.721744330838289,-0.8467082956430995,-0.39327987801419606,-0.07568139001381002,1.84884833680284,1.910556628406778,-0.25834733403139065,-0.5315497822663228,-0.5442384756055869,1.0242613501374562,-0.222881219297375,-0.18284917308020743,0.7932546021229432,-0.08768490732860851,1.7259324769362947,1.5366471638703265,-0.03041522095841881,0.2852340884776728,-0.8431939689093605,-0.8829273108252031,-1.0870938297919752,1.3448846974444681,-0.1581449977276416,-0.519920854914839,-1.6380126178296261,-1.3593196739851119,-0.2679115399179241,0.06406730188381027,-1.8199949231779236,0.9949578767309236,-2.194090303308913,0.031241985768798552,1.2049165645245485,0.007983964082063644,0.6992094595655152,1.0870309383936203,1.2191759930125747,-1.9443564688703214,-1.0410096004889395,0.2271379611113138,-0.011900725016338785,-1.0089646995153512,0.1321746834196591,0.5990971520797744,1.363297391699071,0.1883662509282713,0.2810943515762496,0.03207191675995599
Subject_018,0.38176767279179286,0.8898405264646524,-0.9769337315771911,0.4282338321235878,-2.1232475372594717,-0.5096597494907734,-0.5363227610381288,-1.6608673386615984,-0.825691247727213,-0.8873415657361887,0.10369123240751332,-0.8577968868619106,0.3842750595047661,-1.2492485500137545,-0.5596098566330708,1.291625739190115,1.9087553002280937,0.3122727462644055,-1.0463280459169708,-0.043035106381950405,1.1533805735682472,0.5268552096863897,0.05208225673707424,-0.9648144810251675,-0.22867560242988927,0.881252874181308,2.7182258921937694,0.5057315985146981,0.32081451517058235,-0.8775838277457237,-1.6339799049872996,-0.931059136851537,0.056839233253832444,0.3169543526088252,-1.2737002770727308,-1.2134584190686897,-1.7071773784604984,-0.7982945035452481,0.15384786344959073,-0.9773018506193399,-1.1099552537808666,-0.40103905442219695,-1.3508643160592402,-0.42971729674415376,1.6650030880510078,-1.4066813521790686,-1.5120994592799537,1.7091649221637233,3.1467204668835236,-1.5029195819395949,-0.40502979456748284,-0.18016516402495986,1.1867842062389342,-2.266191912802524,-1.4163299881319547,-0.42148017036980656,0.08605492486660182,1.4557947259993775,-1.1962851442328846,-1.6933205648676188
Subject_019,-1.778413860214229,-3.1680073268187434,-2.0445027925185206,-1.2295390385795923,0.42075927567358995,-1.8578971465035268,3.6981097834046697,1.5531182149567049,1.7757617342327012,1.5089473905669197,-1.9760125523562408,1.1927366301240618,1.4283717350229972,-1.8508846769962335,-0.9631278301005057,-1.3776159066783689,1.4544607765824735,-1.7738295049552302,-3.4700145312795847,0.8211645092614703,2.2381635916936387,2.4036984896451883,-1.7464174437314326,0.6140238720126913,0.35319400218889463,2.702836319339697,-4.973261902342533,-4.451239064513904,4.11371643181117,-0.9051961271635789,1.7169265835551264,-0.5916449585168301,-2.4912839275494365,0.8233320652540865,-0.3245749560991246,0.2629108788462114,2.6142172231098217,0.9350404905979148,6.070980687538016,0.5024244604611043,-1.2325159119967317,2.2094518624366266,0.0764814154896743,3.7623536474869876,-3.9206884108511173,1.8165976757685398,2.743580870390187,-4.188333505840786,-5.846805368575129,-2.5191487431072437,-1.2304666705528349,-2.9903888703797628,-6.624553487260217,0.003052273571103204,-2.27819076014024,-4.295832993112222,-0.6003826407124994,4.672184795200265,-4.3652172595076255,4.97839519824592
Subject_020,0.3434571569638779,1.484434814900986,0.25828935659487573,-0.6714662448746308,-2.862828225599767,0.39043871338785097,-1.392933023595661,-0.5923513967922012,-1.090744672079916,-0.45585765053735766,-1.2312664341891009,-2.2696997056777457,0.10144489044675983,2.6802054905207573,2.1868321220526736,2.6978499141237235,-0.017900423021795397,0.05199129213597101,1.9440524876262981,-1.3212885241262504,1.3993164778760405,-1.957265170661626,2.285123454651752,-1.6391605201172115,-2.4565602268286617,1.1332295588602415,4.306936775742109,2.4534262532040847,-1.0368411213687245,-1.3711161888170045,-2.3763133093685656,-1.045472367593691,2.941832503730626,-2.6868825045137905,-2.1465886073476077,-0.43891381755414294,-1.0723025553983148,-1.8028935899473466,-3.637985868792007,-0.5183888133477628,1.8665396555686549,-2.6589286543638817,-1.0660051161820334,-1.446843459191689,2.920447794995649,-3.4420022197270903,-2.8521925793295253,5.646479544851238,4.920260161293849,1.3015659850045256,0.7251109474446938,0.16083450083784545,4.752779558485271,-1.0125002046378249,0.8653407565156694,0.13122648733925507,-0.10586601250913175,-0.25026957429916236,0.6809767254307786,-3.594170765562085
Subject_021,-0.25791081845278063,2.819265327088129,-1.807522167999351,1.652144197056048,-5.2092213957529845,-1.5007848440817848,-0.9071466793939031,-1.6823988677025432,-1.0372947306045606,-0.6553610688097234,1.3772978363692776,-2.044262343996738,0.7109956770393866,-2.918806877131189,-2.4342584330947616,0.8292402714070931,2.173137858728179,2.3389472602450097,-1.692083749480282,-1.5640280039545982,1.230528168342755,1.6916906402808565,-0.8636392909029376,-1.4718640427966396,1.344650548543627,1.3833989465031125,3.9626562622522368,2.6164130458584376,-0.20797595978600672,-1.2782783558751007,-2.1806818740875578,-2.235023993910172,-0.887411063712296,4.69326089001444,-1.4110042383046122,-2.119698394547507,-3.2742983137003288,0.2435711951761562,0.3405107424995741,-1.2766741105144948,-4.019688677891417,0.9335231764692075,-4.391047649226028,-0.8596256629071292,3.1087503265829963,-1.0822546246380047,-1.289176908290354,1.8300115945054078,3.695702682987207,-3.701881574703683,-2.1864004792897855,-1.2969104900943471,-0.342195376384072,-2.6419461136207496,-2.1749279912478556,0.8037975125898981,0.4501180417582682,2.213148255263724,-2.8575741425921213,-0.5045419707718257
Subject_022,-0.4061088450901077,3.080433390648292,-0.48785639270663234,-0.3616849680792398,-5.804231011363275,0.606245922345565,-1.018942155654032,-2.551250737368888,-0.6752196667484112,-0.4880330799314895,0.552288536993614,-4.58109320032758,0.862169694034593,0.13941414442764408,-0.8414942273284339,3.368466836087232,1.2181142116186843,2.3004920882481494,-0.5394115579321948,-2.6437655244814016,1.7746323866889888,-0.850640864539537,0.2917541931516149,-1.721183216095624,-0.6953797135112526,1.9151199657550375,5.870247303286672,3.685762468721178,-0.8997095765006163,-1.7301892757467414,-3.7770513066654834,-1.9467033504746634,1.4522916003774946,0.7657482371293579,-2.780051869250411,-1.1768449952565532,-5.751368315863942,-0.7712256317895916,-2.761682945789633,-0.9745605253934956,-1.6282521767929585,-0.19105191890369844,-4.293357484541342,-3.4003735641990893,5.349887308997365,-4.7324525962469925,-2.399726803183852,5.3780802978035265,6.519664248046684,-2.3809706526796526,-0.9143256961659625,-0.33887592411472267,3.571292330150242,-3.04858263547413,-0.17863297167345527,0.3746618173205507,2.029458647197555,1.4901561145554645,-1.6874928739842985,-3.166166737219226
Subject_023,-0.24094348234031893,1.1709849261479126,-0.11400767332444858,0.08599531356969092,-2.734191016458084,0.17304458308663584,-1.588217853909927,-0.9019181406080887,-1.4974721625047667,1.0020943343938282,0.6791369216410074,-1.4036331420943824,-0.6574881758434521,0.8470322078717252,0.61829772812123,1.3921099094787763,-0.27736066714501,1.360462643381359,-0.37777817735884955,0.010002663525645938,0.21786745669500285,-0.1489937061389856,-0.7517086011723179,-1.6168631936116582,0.18160197063594918,0.6864800093413969,3.5445898058436307,1.4199275701068959,-0.9659695364526004,0.18287650532879568,-2.594200853248828,-0.627098001796405,0.9003633476078459,0.5586639294620894,-1.8132915755117087,-0.8692827713310886,-2.5756127990312443,-0.360232071632709,-2.0321688100951634,-0.7503843518990949,-0.5627564444630002,-0.3067697912193261,-1.9318706032680857,-2.0328437388333693,2.5055163164729364,-2.7149353099555857,-1.1516913088476453,2.480429846527406,3.571102411678431,-0.37822639716233625,-1.0762272163228204,-0.4316915538403253,2.6595521621536333,-1.0082142077256602,0.045149889982638865,0.6524616546103469,0.8517096975474712,-0.2190214624145766,0.4045106002469492,-2.0726278416708968
Subject_024,-0.7055196728654249,1.0817812029896965,1.0218125126977884,0.7692438029323247,-1.0300300072366813,0.7198278040848276,-0.43347149401560153,0.1404854016551239,-1.2381550124841774,-0.4410857414712936,1.1410808184159058,-0.4933362703594566,-0.7465928133755966,0.11314614600118125,0.449097736686168,0.37920181421340343,0.0761530480396787,0.4784306423920694,1.2120419269398093,-0.6310521239291758,-0.923261222909914,-0.15080935569320994,0.7589793153897749,-1.1617177655387614,-0.41562092002584655,-1.5344887940609513,1.3565315729999885,0.6813166274488701,-1.1605518078858226,0.5337435896955276,-1.1145353057161351,0.03418865641655876,0.19663127141277162,0.6882310761476105,0.05179016275699569,-0.6205576284058771,-1.1865938893136934,0.4202181082070361,-1.0166479322568445,-0.9696011526548485,0.15775822536247494,-0.8249712415480979,0.15096775348345215,-0.6769366605677459,1.3162580034018683,-0.492948173258024,-0.9999175665335203,1.452223509782224,1.6544921593442636,0.04346745776939891,0.48171527176404727,0.35970057938520095,1.281742309889267,-0.84479250652694,-0.34807670462961154,0.08097593017628668,0.5736691266312381,0.010410866584649958,1.2725508115688393,-1.9735319891254521
Subject_025,-0.4196331851860629,3.651467995361233,-1.2896800816867016,-0.5606833985291488,-7.341408658831041,0.7606419716855308,0.1047645456195413,-1.9028157758691737,-0.9721148514006009,0.2664026408458001,-0.8697087353488762,-3.7008178381613517,0.3259966801726232,2.9647510177672096,1.8526467742453596,4.3565679768743415,0.04103500548070238,0.8081200798125224,-0.1257289452132627,-2.4956285481534324,3.3355761010530687,-2.421618571545495,2.220708295988187,-2.2737710866771046,-3.744238209089472,2.0433541051905304,6.932030742212053,3.5049239498450624,-0.39302645743380926,-2.7098175046600717,-4.619053996923507,-2.001100876151356,4.377520969798283,-4.4394474244738795,-2.9695165864819657,-3.003669774252403,-4.907333051016498,-0.8885028354487066,-4.379126983099706,-1.1264138305550044,0.7500102437619739,-2.936909165273052,-4.786816755679519,-1.771301067367117,4.787577787579045,-7.42706181156015,-2.262017378564722,7.04026505945934,7.64084315057695,-0.40697670028802657,0.37106325486417735,-0.5654894506464259,5.2604248030451375,-1.982218196509556,-0.5581276372340985,-1.3069880411199697,1.3616364644121832,0.21426998867754732,-1.187648218368905,-4.880557213392932
Subject_026,0.8021784104515106,2.217268228695526,0.01587435073280863,1.2574020647897255,-2.3124659029343326,-2.082379649866225,-2.954407920707927,-2.710428873162349,-2.586603065407393,0.1601903302403982,3.5922575557527714,-1.6813120010329903,-1.219382862128069,-5.202604989623265,-2.903117220103831,-0.7410288891696742,1.9199818905730055,3.2559087190023948,-1.4362588600975978,-1.1902615697278462,-2.7556564748046153,3.116895449727591,-1.3774582212773112,-1.9979711085179301,2.819661144205264,-0.24699212928153608,2.5868493174124265,2.8197796885837927,-2.074731838000904,1.3113173468687627,-1.3705288979379628,-0.5470916995020503,-2.3932987149666336,7.3151806631370855,-0.4358331408677589,-0.6006513240201277,-4.117597709063997,0.7123905465834552,1.616282912631434,-1.1152996760605354,-4.0527388798918205,2.420386498445151,-2.991188686221985,-2.344535392505296,2.4496845486848082,1.008471903424386,-1.3761976421233122,-0.7108279784270162,2.658705483226271,-4.45916066696948,-2.231632386163765,1.0152188147852692,0.19086164166839176,-0.9157412041938084,-1.2283509329917546,3.495631969428683,0.4648207408053162,-0.9217821861326942,-0.8557770275895378,0.8731365484892639
Subject_027,0.6675037264370725,0.1932704720923042,1.534992518676559,1.0465166845073086,0.11434764901715677,1.6489974110995327,-2.059878695468301,-1.1989694723458286,-1.0748329085503388,-0.40261905166938383,1.1486065431353882,0.8778237955413343,-0.3923465013637475,-0.5186116686157012,1.2295242713341215,-0.4158386421173162,-0.6633076869475151,0.34258271840248866,1.8111953060387742,0.5448601130618607,-2.2466210099611095,-0.6042533824163333,0.5889735910866507,-0.07802829686677902,0.593608465160856,-2.855737129491891,1.2507086053835994,0.4041192190105767,-2.09390064798568,1.0394055826000068,0.07909427998706697,0.3187348828556794,0.49257697624704455,0.3553367489028409,0.6185641941766842,0.28878401495647144,-1.1324009315156012,0.5356966886010313,-2.6436549074728437,-0.1854493158087657,0.4480542466811237,0.08375839393475659,1.2670075259777682,-2.42274184955417,0.3993682797707657,-0.15169408118291278,-1.18103899973387,0.9788875514506605,2.162533115607422,0.2584502218242497,0.6238223435689336,1.0879919148672699,3.102194860250595,1.866872793568128,0.9094509344001087,2.972890931466719,-0.17500425981346507,-3.401196850300047,1.6066281088824446,-2.2493110360815205
Subject_028,-1.666785374134188,4.89866877891623,-2.927741579308708,0.40751481151496294,-10.082322409134433,-3.270555545640718,2.382560963104439,-3.0625321578564715,1.183384358790246,0.4603146911067749,-1.0765812215052324,-5.757489232558342,0.9851999129976903,-1.1350321781033967,-2.676657319291738,4.314905033154663,3.8421420848693613,3.62193525299337,-5.803180664635547,-3.925834859101777,4.981381118934991,2.043507600608885,-1.456774586554582,-4.010450669417434,-2.0973394159618084,6.75145696028967,6.934890320176518,2.5035616479568175,2.118555594295492,-4.079556721193608,-3.9076151714352236,-3.389431284458491,0.5043906331839555,4.145368455327574,-4.08001183532166,-1.9158275642314186,-5.44871812930764,-1.025987093090862,0.9500948469028083,-0.45656144530105813,-3.546987831737855,-0.23331045327491295,-7.978678703728576,0.114030215930705,5.144311872125942,-5.753593723810301,0.48039092054071975,4.256239619283742,5.0652460288606544,-6.80308461864405,-2.0780934576363426,-2.8886540694340948,0.1640441759229463,-4.842848659140311,-2.7196561645245265,-3.946868809445076,1.4760109936999992,5.143702664814493,-5.479371952167437,-0.20209103677697737
Subject_029,0.7597152869076789,2.0819227138050556,-0.6550739138768018,1.1530060765276606,-3.336403162169163,-0.8341395156093686,0.1571677213220697,-2.0953175639776576,-0.7728673414198985,0.1868464626430958,1.5157888149515428,-0.8976530079673006,0.04039164547309476,-1.8343357679214198,-1.987085867253223,1.0515245969204763,1.4987289296578772,2.9282415015406484,-1.1116553722506923,-0.572104728979249,-0.3044127350896911,1.3795467200617686,0.8884268113741358,-1.617995012440313,0.3006102971676174,0.6448483258800917,2.7114937899944396,2.7727609544383713,-0.8109323429571109,-0.4837150987400684,-1.8136804770081247,-0.6581902870259564,-0.9969638702619488,2.7794857928235337,-0.8433528584625809,-0.7199343312467104,-2.8855977708392957,-0.38894512368459566,0.39213623684075594,-1.2770267712580226,-2.6450642399236695,0.46720575648059276,-2.4406446365143353,-1.172607433844545,3.1400274750232997,-0.5289861143858852,0.3500720044125889,0.7202754631385851,2.9498145941479623,-3.24803398160172,-1.7714705595938007,-0.6412756337815088,0.6744940565683782,-2.3574389769057755,-0.853513577330597,0.8621907763343429,0.7921762699973716,0.615032566922476,-0.870579364381173,-1.0334184347303568
Subject_030,0.32771669676011916,3.0969504555132805,-3.4277316289613102,-0.2834883207292983,-8.41511366662588,-2.796918304728574,1.547839382901507,-2.498667913478393,1.8811833704450756,0.7781139975442812,-0.3029321406246283,-4.275083688307813,1.07522369362807,-1.325105779598791,-2.462152183842484,2.651220436789922,3.0730699362754157,2.9152305279012847,-4.1583444642738145,-3.0768306270355215,3.377806079551768,1.8583856061366026,-0.9677470146861257,-2.839585225223708,-1.1818565887416919,4.9525188430299085,4.684293603888165,1.987166797425353,2.4735181925444016,-3.517165873943843,-2.3875184680411667,-2.3519459421405258,0.4724852152211943,4.384596428547929,-3.4596367340258096,-1.733353110914242,-4.289632947002357,-0.39194743928846115,1.8834878396933175,-1.7061381128941882,-3.2053006952619083,0.599876947985458,-5.869128421584934,-0.22289298875373814,3.2049218422596697,-3.623771434504665,0.22001918166806944,3.283141583053225,4.638365579023684,-5.596936619755647,-1.836437976963695,-3.2053950859424294,-1.7500406909946498,-3.0343800686152456,-2.9991226994085576,-3.5798631352628556,1.0098614477696004,4.242493667693763,-5.120440288908426,0.018607782670356038
Subject_031,2.823874165044031,4.849989092694811,1.0759258508278586,3.7951893866894117,-5.572853584255508,0.5188013794951225,-5.927413526292047,-5.175873626022976,-4.844864270181611,-1.3386220406000406,4.742807308705423,-4.442417103217697,-0.3817544001258605,-3.9575521304228385,-0.4834609864188206,1.9667505643598293,1.3654704099183366,5.562015708793981,1.485052354879848,-1.6947076467892226,-4.693539489799957,0.6447711251978624,0.9914720082148456,-3.7908001315493305,2.3260452254433153,-1.2171798302495138,9.520686254794649,7.957989000066799,-6.180005189995271,0.3696708283409993,-5.135720161345772,-1.8394747229306527,1.1100182250555006,5.741387828259635,-1.572671979770046,-3.794911392948287,-8.736973652570443,0.565868772479218,-5.732303412540215,-3.1909801121805224,-2.7308320219425024,-0.15063042325163745,-5.026367696432286,-6.914238350181746,8.422147589302444,-3.284680632818337,-4.881507505009111,7.575766954755671,12.207433557007953,-4.117902711851862,-1.0232246521979849,3.5460245718900634,8.663500338115586,-3.0219028544506448,0.4035127824170627,6.210822097822932,2.759659262500099,-4.3218593679094575,1.2680888935573702,-6.268697999253525
Subject_032,2.1770910833777615,0.2032711460097415,1.4663110638675094,2.597096369911824,3.108617655845371,0.7072993744923656,-3.7240588951601525,-1.2527521661249883,-2.9578940249400834,-1.4075952207392812,5.488960762179035,0.6411923377376202,-0.9964635402143266,-4.693623598060061,-1.2477746106301884,-2.616288429383801,-0.8488833637238095,2.8259363678153115,2.9322606665776467,0.7443172217021519,-6.20413700188658,3.080203957925279,0.06032446039829775,-0.028492429103827217,3.9608274060128297,-4.45465175191698,-1.2331519397096682,3.403251002128929,-4.248308522314848,4.175255476177015,-0.2302485286941317,0.8741384226100607,-2.405929378571688,5.06936212712564,2.221435140964017,0.0636551715825529,0.3465624345542402,1.327021504979593,-0.833472497445447,-0.5801149296336253,-1.7159214766701552,2.1585870186170575,-0.35364592974762565,-3.4536989072890965,1.5066214541484044,3.3889421757624487,-2.400344086595782,-2.3983963641854515,2.6253157114633168,0.2718638364674832,-0.9060776554423171,3.542289809150916,1.7616529882427503,1.2334572720700103,-0.0552963870897355,5.609025006671257,-0.22782997831307297,-4.589820311291128,3.7550584385978496,-0.24041802095721365
Subject_033,1.1220154941102236,0.12357035690170898,0.6893575102170633,0.4276050415876186,1.165188360095328,2.174820860135179,-0.5969028491353252,-0.7048624555253686,-1.5527615662622936,-0.08426173828297628,-0.0026201884925757257,-0.42125370382328675,-0.46706211241587237,2.3212039068686274,1.3618550677529941,-0.631807609175934,-0.5252642755930925,-0.49070304291803324,1.7758642787563983,0.03294963172510673,-0.8189385841794322,-1.240735366200335,0.4301274098659046,-0.3362736615244708,-0.08788919218036373,-1.6237260921127725,1.0210862338006939,2.010629097558041,-1.1070088835649636,0.3377092037475526,-2.140483843880202,0.4913704795976068,0.7774033393424032,-1.4749461943343962,-0.7373122737960198,-0.7437103235530702,-1.320293077639338,-0.4990728935581912,-3.4459428872249056,0.2135274871752564,1.0092326001691325,-1.1150217574788184,0.3087189720133293,-2.256133679936023,0.9663082130386398,-2.2388471021023273,-1.3578448649669812,2.212304224833965,1.6401428549584587,1.2193158154550017,0.6071295871403104,2.137310196383889,2.7325119655570798,-0.5481296955729755,1.5608132864011794,1.9790399225004538,-0.08136894601356087,-2.2907048568406205,2.0595499767498864,-3.6772866359188203
Subject_034,-1.142849248965898,1.248676517815922,0.35162120240103134,-0.2719658792991454,-2.7705568657948527,0.6605865193712601,1.1396941055385983,-1.2997655796176784,-0.23074254358291016,0.8551570129392941,-1.043482262509618,-1.010175271662002,-0.14856368670464382,1.2340796498135185,0.3706439680421876,1.408802332922655,0.012210138318738628,0.7288595985182558,0.34788698456383305,-0.9624567576223013,1.316019707631716,-0.5684912153630755,0.15039751099137816,-0.7127302699141447,-0.9753659183161625,2.4073810884855993,2.8292029933340563,1.3800193281698205,0.22620065771245276,-0.7431626686195612,-2.0878421340302693,-1.1812621415538864,1.690063215676103,-1.0089461593459057,-1.6548908221974221,-0.6513368017270245,-1.6494654008942065,-0.8139669499223323,-2.467731414701424,-1.2391658601418083,-0.511164981786203,-1.7825710740424185,-1.9435783988505506,-1.6803131547695214,1.8436478996473078,-3.065265299922005,-1.1057194190663182,3.6691791803959384,3.478884412664202,-0.7139366422154452,0.020003056612818676,-0.3607408868857611,2.3829253851427206,-0.9334698528924941,-0.5619085917189479,-0.6229442013943134,-0.4272109200575338,0.44490060246514246,-0.10083597671104905,-1.9153643124811883
Subject_035,1.284696932507406,1.8429620911256142,0.9553422587310009,0.36640518361858815,-2.921991966820358,1.904362161640856,-1.6461909970865622,-1.368614799591515,-1.197965341201062,-0.771090714828801,1.1688245399819244,-2.2909655324377,0.1259214549039257,2.418966102093778,2.8753144933308254,3.6155381816829064,-0.555764030720372,-0.45998904273510677,1.8947707256122568,-0.16613059616823045,0.29715390401396075,-2.6362237816523266,2.629977254747013,-0.9937063567729756,-1.0033845354827582,-0.37182765077059304,6.199920545333635,4.159291088587814,-2.1172078879165017,-0.6431058018732244,-3.644766465535027,0.11940028305168604,3.4202835700130456,-1.8846353245916343,-1.6451522065729045,-1.2270134422204637,-3.6984597403735227,-0.2613319500199852,-5.349340183889665,-1.3251796284690271,1.3763152326532901,-2.1309687909190993,-1.8060126453177898,-4.67050777224837,5.079943473088566,-3.9535195327829564,-3.0128964352104397,5.80677351449046,7.51487197245687,0.8222376643725752,2.0682963758262316,2.043812249835165,7.061113451410254,-0.9144955770958829,1.0955649279688504,1.967929436237307,0.5266592833696998,-3.2721586341845006,2.221795952151479,-4.764594199591545
Subject_036,0.9283140487620802,4.96702359860058,-0.3716884776580081,2.0455554964598504,-7.699769786916835,-0.5013491943012005,-2.179161236205008,-2.968051535832587,-3.232479298386721,-0.6195745179683538,1.3093111952640486,-4.751405041377092,0.20536856521072705,-1.6218881926444095,-0.5107881577014363,3.8879480242861386,0.8924063525001933,4.4763655887052,-0.058868663358887074,-1.8293341459532173,0.6819663206372245,0.23019971394492564,1.467272352683832,-2.8946262926204023,-0.21782262281556553,1.1909979090459062,8.938422787747175,6.261902128214228,-3.07486372421792,-1.4880509301772045,-4.039185682661581,-2.0463596500652907,2.4683354335159002,3.0748370673045633,-3.0808116177073632,-2.0803741852508177,-7.675932402340254,-1.2608361610595618,-2.9809580774634563,-0.937462348916133,-2.9181693155827064,-0.42626086431964855,-6.227722211368095,-4.334443190396393,7.445213997099491,-4.845546294094942,-3.373115407105385,7.638050418725559,9.990284153353018,-3.593139882912651,-1.3522700071610547,1.689682276695276,6.092397270803668,-3.2659917504319935,-1.6852595116521014,0.9802314746664422,2.2015736932462753,-0.318788808652569,-1.9380601173696554,-4.194908718835311
Subject_037,-0.2440651288838197,6.054546230627004,-1.3838625610616095,1.2227575304189016,-9.450616689440608,-1.477318980747655,-1.2241594806675717,-4.3625489025780535,-1.051649488954929,-1.121059614359599,0.12333062138300133,-5.287242417456153,0.8156894203559775,-0.010130069455210777,-1.824305301420218,5.185872759716187,2.774887499079734,4.634152480180275,-2.384127414845509,-2.543284120893057,2.314535317011642,-0.2889796348133622,1.5100020793627005,-4.352831487776462,-2.5653279029339644,3.681814210058829,10.77399295639627,6.713552817138913,-1.2569898784578213,-3.2595876387834006,-5.882759614948333,-3.855404284686154,2.2843542137051567,2.635399873363118,-3.707931363256046,-2.082652779498979,-8.266315755866135,-1.1785628036419096,-2.655833813289282,-1.93239967955658,-2.296079363487513,-1.2879551545467227,-8.167105629574259,-4.3395910091467105,8.65037850773057,-7.176480165219434,-2.1562507791059673,7.928926516710485,10.559346486217516,-3.9313753840446757,-1.6280882804705272,-1.5608304217434608,6.065297540352402,-5.148846024957651,-1.5360166685621073,-0.9465678397012416,2.033982992848452,0.9449809668876493,-2.7171153988262864,-4.370270589735256
Subject_038,0.49328259575974986,5.2397113086648694,-0.41185605624106303,1.5509664948348045,-9.080922418141286,-0.6832545925510146,-2.7723454788890356,-4.8955330180688446,-2.879527386560518,-1.3820947329165263,3.3491475848360714,-4.774361030162132,0.22864794572311398,-1.6151457138697438,-1.7413897440070927,4.538095171832528,3.3375219612855798,5.524088482782477,-2.2722376276869505,-2.8017116476566293,0.7006144257755876,1.0631449059206375,0.9479591282364734,-4.828112987932389,-0.8966799097452358,2.003768135429625,9.075348588488612,6.857482126418445,-1.8670677625328698,-2.7229791177601887,-6.416023540300006,-3.2232522470704263,1.1347668568044222,4.660593076326967,-2.561105595644061,-2.1984331125655716,-8.230481242276857,-0.6006330515489485,-3.137801890571507,-2.4818945032435566,-3.2654194832599472,-0.7665321752083336,-7.02773845729873,-4.524531876813528,8.41290234090807,-5.522761946037311,-3.628679264182672,5.773186381168898,11.170544875282292,-5.350213114924365,-1.7087435537509914,0.9688609495701327,5.880248730541676,-4.869319209739252,-1.4526981208646976,2.0344051727994747,1.8193184713067998,-0.3026516561243225,-0.9488511943287324,-5.397367351110098
Subject_039,-0.2212916728812966,1.5518869483175628,-1.176894223263012,-0.22673051107337588,-2.2798853074089145,0.21502702999728376,-0.20047276362515737,-0.6667756298590916,0.8788130880079597,-0.6294140419247638,-1.1922030448300789,-1.6719207368955584,1.1418149836570828,1.513095725575961,0.948276926504036,1.4008827430046031,-0.352635066271085,-0.15270376710706904,1.4893826232805378,0.1051290149831694,0.8665886926830326,-0.9910131394489673,0.39435416363589343,-1.5209837174723413,-1.0470806368200305,1.3587987742688648,2.8350274842072656,0.8889657369144796,-0.179749602803144,-0.61264428137711,-1.2361413115307536,-0.9089681209799095,0.8260337172840854,-1.4339962264159172,-0.6788446431981424,-1.047926370880026,-1.1227454619090225,-0.3675076275848487,-1.3439456292520404,0.37450992072068934,0.42160343353174956,-2.2426211816209216,-1.350020841894298,-0.3733661417447861,1.2873820752047014,-2.7964495131892377,-1.6133898544530925,3.6035058393099395,2.8768952229689955,0.4714993403466786,1.1199355245877127,0.24610927900141466,2.0740257612076056,-0.8583881019940152,-0.015122522210122114,0.5508170412498379,0.7422608770181445,-0.09479827564614007,0.1398437230383996,-2.196967703809034
